DATE,PRCP,SNOW,TAVG,TMAX,TMIN
2010-01-03,0.0003088803088803089,0.0020920502092050207,,30.4,16.133333333333333
2010-01-10,0.20410941475826974,0.0,,79.8,58.97142857142857
2010-01-17,0.0008172362555720654,0.0022580645161290325,,36.542857142857144,24.285714285714285
2010-01-24,0.07338006230529595,0.0004366812227074236,,37.042857142857144,28.442857142857143
2010-01-31,0.01721498371335505,0.1450676982591876,,25.742857142857144,11.685714285714285
2010-02-07,0.3202920723226704,0.14665314401622717,,56.31884057971015,39.91304347826087
2010-02-14,0.07084507042253521,0.002204408817635271,,54.357142857142854,36.214285714285715
2010-02-21,0.008478260869565218,0.09626334519572954,,36.52857142857143,22.785714285714285
2010-02-28,0.1169391304347826,0.9126953125,,33.4,23.185714285714287
2010-03-07,0.02547925608011445,0.053422053231939166,,55.642857142857146,37.7
2010-03-14,0.543778677462888,0.0009375,,57.58571428571429,42.07142857142857
2010-03-21,0.047737909516380655,0.17228070175438598,,54.371428571428574,34.385714285714286
2010-03-28,0.0072782874617737,0.0015151515151515152,,49.31428571428572,31.928571428571427
2010-04-04,0.039221374045801526,0.0,,48.77142857142857,27.87142857142857
2010-04-11,0.0661038961038961,0.0,,73.3913043478261,53.628571428571426
2010-04-18,0.04212,0.35558958652373657,,64.07142857142857,41.77142857142857
2010-04-25,0.10615584415584414,0.0,,60.82857142857143,41.51428571428571
2010-05-02,0.03775978407557355,0.0038338658146964853,,54.455882352941174,36.86764705882353
2010-05-09,0.20708165997322622,0.0,,74.25714285714285,54.57142857142857
2010-05-16,0.26379084967320265,0.13533190578158458,,58.17142857142857,38.08571428571429
2010-05-23,0.1056638246041413,0.0,,70.72857142857143,51.24285714285714
2010-05-30,0.02798709677419355,0.0,,84.3970588235294,63.042857142857144
2010-06-06,0.1533005617977528,0.16673773987206825,,57.710144927536234,38.1
2010-06-13,0.05405369127516779,0.011721611721611722,,67.34285714285714,47.58571428571429
2010-06-20,0.2653610771113831,0.0,,81.5,63.48571428571429
2010-06-27,0.33578947368421047,0.0,,85.63235294117646,67.04411764705883
2010-07-04,0.13372159090909091,0.3698224852071006,,56.56521739130435,40.05797101449275
2010-07-11,0.17506345177664973,0.0,,74.82608695652173,53.07142857142857
2010-07-18,0.02444141689373297,0.000510204081632653,,79.97101449275362,60.73913043478261
2010-07-25,0.6598560209424084,0.0,,88.16176470588235,69.08823529411765
2010-08-01,0.23337874659400545,0.7490196078431373,,76.31428571428572,59.2
2010-08-08,0.15864361702127658,0.0012461059190031153,,60.130434782608695,46.31428571428572
2010-08-15,0.07794666666666666,0.0,,72.88571428571429,50.81428571428572
2010-08-22,0.09678887484197218,0.0,,84.65714285714286,66.08571428571429
2010-08-29,0.0014089775561097256,0.0,,83.48571428571428,62.32857142857143
2010-09-05,0.02933988764044944,0.4038610038610038,,55.31428571428572,38.48571428571429
2010-09-12,0.08644649933949801,0.005823293172690763,,71.95714285714286,50.72857142857143
2010-09-19,0.06745046235138706,0.0,,74.53623188405797,54.94202898550725
2010-09-26,0.0791839378238342,0.0,,76.02857142857142,59.05714285714286
2010-10-03,0.06403927068723703,0.887107438016529,,55.457142857142856,35.57142857142857
2010-10-10,0.0032100396301188907,0.0,,77.07142857142857,54.957142857142856
2010-10-17,0.03587193460490463,0.1304418985270049,,62.98571428571429,40.17142857142857
2010-10-24,0.03820209973753281,0.0,,64.72857142857143,42.542857142857144
2010-10-31,0.1325581395348837,0.0,,61.30434782608695,42.91304347826087
2010-11-07,0.16584827586206896,0.00021551724137931037,,58.72857142857143,39.7
2010-11-14,0.032543103448275865,0.001443298969072165,,66.77142857142857,47.768115942028984
2010-11-21,0.011141226818830244,0.0,,49.2,32.27272727272727
2010-11-28,0.2142589928057554,0.0,,44.48571428571429,25.585714285714285
2010-12-05,0.1675558659217877,0.025675675675675677,,48.042857142857144,31.085714285714285
2010-12-12,0.18499999999999997,0.09534883720930233,,73.30434782608695,53.028985507246375
2010-12-19,0.018027681660899655,0.19236363636363635,,23.257142857142856,8.927536231884059
2010-12-26,0.08631118881118881,0.9912213740458015,,31.542857142857144,18.885714285714286
2011-01-02,0.16161936560934892,0.2658590308370044,,36.605633802816904,20.64788732394366
2011-01-09,0.048704939919893185,0.0,,72.45833333333333,51.90277777777778
2011-01-16,0.0108675799086758,0.00691588785046729,,38.273972602739725,22.671232876712327
2011-01-23,0.0515547703180212,0.23134020618556703,,24.337662337662337,9.12987012987013
2011-01-30,0.014759450171821306,0.22990654205607478,,29.986486486486488,18.89189189189189
2011-02-06,0.144051593323217,2.1379928315412187,,43.88,29.0
2011-02-13,0.0433422103861518,0.0016750418760469012,,70.73913043478261,51.82857142857143
2011-02-20,0.021217838765008577,0.0007677543186180422,,46.62337662337662,31.0
2011-02-27,0.19583476764199656,0.409698275862069,,34.647887323943664,26.239436619718308
2011-03-06,0.08563253012048193,0.21264591439688715,,47.413333333333334,27.573333333333334
2011-03-13,0.1064875491480996,0.0,,67.8695652173913,50.56521739130435
2011-03-20,0.005790322580645161,0.0,,53.5,32.68
2011-03-27,0.15090773809523808,0.01828978622327791,,44.08450704225352,30.056338028169016
2011-04-03,0.009903225806451614,0.0,,39.72727272727273,21.818181818181817
2011-04-10,0.11494252873563218,0.0,,76.97260273972603,53.863013698630134
2011-04-17,0.13254953764861296,0.0,,54.486486486486484,37.2972972972973
2011-04-24,0.32826196473551633,0.05522875816993464,,50.4078947368421,36.89473684210526
2011-05-01,0.21405721716514955,0.0,,55.223684210526315,37.89473684210526
2011-05-08,0.16047156726768377,0.006130268199233717,,63.653333333333336,42.586666666666666
2011-05-15,0.11017038007863696,0.0,,63.42028985507246,44.289855072463766
2011-05-22,0.02359078590785908,0.0,,66.1830985915493,47.76056338028169
2011-05-29,0.5105700123915737,0.0,,67.24242424242425,49.5
2011-06-05,0.19599713055954088,0.32286995515695066,,53.945205479452056,37.082191780821915
2011-06-12,0.02532828282828283,0.000667779632721202,,72.71014492753623,53.57971014492754
2011-06-19,0.14403266331658293,0.0,,77.71052631578948,58.078947368421055
2011-06-26,0.13857338820301782,0.0,,77.8169014084507,62.66197183098591
2011-07-03,0.01667153284671533,0.087109375,,59.472972972972975,42.513513513513516
2011-07-10,0.030282051282051282,0.0,,75.94520547945206,56.12328767123287
2011-07-17,0.004760672703751617,0.0,,74.27941176470588,58.529411764705884
2011-07-24,0.5696670934699104,0.0,,93.08571428571429,74.32857142857142
2011-07-31,0.27127086007702184,0.0,,87.45714285714286,69.67142857142858
2011-08-07,0.12688218390804598,0.20466019417475728,,54.53947368421053,36.328947368421055
2011-08-14,0.23931210191082805,0.0,,70.73529411764706,54.338235294117645
2011-08-21,0.12910224438902743,0.0,,82.44927536231884,62.57971014492754
2011-08-28,0.11885821831869511,0.0,,81.78260869565217,61.220588235294116
2011-09-04,0.06741573033707865,0.00909090909090909,,54.486486486486484,37.21621621621622
2011-09-11,0.5357037037037037,0.0,,76.47222222222223,54.875
2011-09-18,0.018892005610098177,0.06565464895635674,,62.072463768115945,45.3768115942029
2011-09-25,0.11881081081081081,0.0,,67.25714285714285,51.3
2011-10-02,0.34201379310344826,0.0,,51.19444444444444,36.416666666666664
2011-10-09,0.2134036939313984,0.004719101123595506,,73.4054054054054,54.229729729729726
2011-10-16,0.11345360824742269,0.0,,59.05797101449275,41.927536231884055
2011-10-23,0.15442602040816325,0.0,,56.5,38.98571428571429
2011-10-30,0.08084702907711758,0.0,,59.214285714285715,39.714285714285715
2011-11-06,0.060400572246065806,0.13856502242152466,,54.80263157894737,35.328947368421055
2011-11-13,0.009615894039735099,0.00015822784810126583,,69.44117647058823,49.19117647058823
2011-11-20,0.008586387434554973,0.0,,52.628571428571426,33.871428571428574
2011-11-27,0.19003947368421054,0.0,,49.85507246376812,38.42028985507246
2011-12-04,0.03319884726224784,0.39311594202898553,,42.72857142857143,28.112676056338028
2011-12-11,0.08214012738853503,0.0,,76.69014084507042,55.521126760563384
2011-12-18,0.24080381471389645,0.12113207547169812,,44.65079365079365,30.746031746031747
2011-12-25,0.008646288209606988,0.0,,41.904761904761905,30.523809523809526
2012-01-01,0.08219474497681607,0.010236220472440945,,42.682539682539684,27.11111111111111
2012-01-08,0.21065906210392904,0.0,,64.63636363636364,48.515151515151516
2012-01-15,0.06479220779220779,0.629312762973352,,47.21212121212121,30.91044776119403
2012-01-22,0.1073136645962733,1.0472172351885098,,32.41428571428571,13.728571428571428
2012-01-29,0.10604511278195489,0.1432142857142857,,38.77142857142857,26.514285714285716
2012-02-05,0.048230994152046784,0.028053435114503814,,50.507246376811594,34.21739130434783
2012-02-12,0.08554360812425328,0.0,,73.3125,55.046875
2012-02-19,0.03936728395061729,0.07359154929577465,,41.27142857142857,26.17142857142857
2012-02-26,0.09557993730407523,0.3824626865671642,,40.55223880597015,24.942028985507246
2012-03-04,0.08778592375366569,0.025174825174825177,,45.38235294117647,29.308823529411764
2012-03-11,0.00903584672435105,0.0,,78.39682539682539,61.15873015873016
2012-03-18,0.00542817679558011,0.0,,76.65714285714286,50.285714285714285
2012-03-25,0.13705333333333333,0.0,,75.26865671641791,56.385714285714286
2012-04-01,0.03359375,0.0,,55.2,36.55714285714286
2012-04-08,0.14317169069462646,0.013553113553113554,,68.27272727272727,51.04545454545455
2012-04-15,0.17537724550898204,0.0,,68.6969696969697,48.833333333333336
2012-04-22,0.08084291187739463,0.0,,60.10144927536232,41.6231884057971
2012-04-29,0.048947368421052635,0.0,,57.507246376811594,39.57971014492754
2012-05-06,0.03763440860215054,0.02176991150442478,,53.10294117647059,37.3235294117647
2012-05-13,0.16329774614472123,0.0,,70.4375,50.859375
2012-05-20,0.007433962264150944,0.0,,79.5079365079365,52.111111111111114
2012-05-27,0.042983970406905055,0.0,,80.38095238095238,57.42857142857143
2012-06-03,0.013069828722002635,0.0,,65.34848484848484,46.25757575757576
2012-06-10,0.03368550368550369,0.0,,73.53125,54.109375
2012-06-17,0.12565882352941177,0.0,,72.6875,51.453125
2012-06-24,0.009407582938388627,0.0,,88.52380952380952,68.53968253968254
2012-07-01,0.09962785114045618,0.0,,81.703125,59.359375
2012-07-08,0.19083226632522407,0.0,,70.16666666666667,49.81818181818182
2012-07-15,0.11020070838252657,0.0,,70.96875,53.921875
2012-07-22,0.2719396051103368,0.0,,90.28571428571429,70.63492063492063
2012-07-29,0.1186411149825784,0.0,,89.37096774193549,70.30645161290323
2012-08-05,0.09600790513833993,0.010714285714285714,,64.29850746268657,44.791044776119406
2012-08-12,0.06219927095990279,0.0,,68.453125,50.921875
2012-08-19,0.12368834080717489,0.0,,78.25396825396825,59.17460317460318
2012-08-26,0.05723623853211009,0.0,,85.17460317460318,61.96825396825397
2012-09-02,0.28800242130750603,0.0,,72.6923076923077,52.55384615384615
2012-09-09,0.04654791154791155,0.0,,70.81538461538462,51.58461538461538
2012-09-16,0.03942612942612943,0.0,,65.953125,45.734375
2012-09-23,0.06726190476190476,0.0,,67.98360655737704,46.82539682539682
2012-09-30,8.750000000000001e-05,0.0,,70.61904761904762,47.36507936507937
2012-10-07,0.010144167758846658,0.009146341463414634,,60.701492537313435,39.38805970149254
2012-10-14,0.25089097303634234,0.0,,63.109375,44.703125
2012-10-21,0.18757225433526012,0.0,,61.285714285714285,42.714285714285715
2012-10-28,0.14514084507042252,0.0,,63.07936507936508,45.98412698412698
2012-11-04,0.014480946123521682,0.12008426966292135,,48.73134328358209,30.223880597014926
2012-11-11,0.03182692307692308,0.0,,76.85714285714286,52.61904761904762
2012-11-18,0.0005852417302798982,0.0026917900403768506,,46.92063492063492,27.77777777777778
2012-11-25,0.019921052631578947,0.0,,50.888888888888886,33.93650793650794
2012-12-02,0.0020816864295125164,0.026675603217158176,,41.13846153846154,23.6
2012-12-09,0.04518787878787879,0.0,,75.47692307692307,53.38461538461539
2012-12-16,0.10305941845764854,0.0,,49.35294117647059,32.161764705882355
2012-12-23,0.20448621553884713,0.04215686274509804,,39.79710144927536,26.65714285714286
2012-12-30,0.009158620689655173,0.10187207488299531,,32.98550724637681,24.71014492753623
2013-01-06,0.014867724867724868,0.026171243941841678,60.0,45.833333333333336,29.893939393939394
2013-01-13,0.21514778325123152,0.0,60.5,64.26984126984127,46.953125
2013-01-20,0.0009212283044058746,0.0011126564673157164,,34.95238095238095,16.476190476190474
2013-01-27,0.013846153846153847,0.14931714719271624,,22.444444444444443,8.682539682539682
2013-02-03,0.3626747311827957,0.41065891472868216,,38.703125,19.96875
2013-02-10,0.16013002364066195,0.0,60.714285714285715,69.921875,51.04761904761905
2013-02-17,0.01441958041958042,0.00272108843537415,40.0,37.078125,22.984375
2013-02-24,0.08174603174603175,0.4323671497584541,,33.44444444444444,16.952380952380953
2013-03-03,0.10633802816901408,0.6342592592592593,,33.546875,21.03125
2013-03-10,0.08497041420118343,0.0,57.857142857142854,66.171875,48.682539682539684
2013-03-17,0.03425271739130435,0.028309572301425664,41.5,40.31884057971015,27.565217391304348
2013-03-24,0.009862637362637362,0.01703125,,35.385714285714286,19.385714285714286
2013-03-31,0.005739972337482711,0.07267080745341616,,47.957142857142856,29.84285714285714
2013-04-07,0.04064102564102564,0.26327586206896547,55.75,51.56923076923077,31.923076923076923
2013-04-14,0.08313653136531365,0.0003868471953578337,55.57142857142857,64.046875,47.492063492063494
2013-04-21,0.8014335260115607,0.014545454545454547,45.857142857142854,54.483333333333334,37.483333333333334
2013-04-28,0.11598843930635838,0.0,50.57142857142857,59.355932203389834,39.96666666666667
2013-05-05,0.007500000000000001,0.07910662824207493,58.0,53.03125,34.07936507936508
2013-05-12,0.009466327827191869,0.0,61.42857142857143,69.8,52.28125
2013-05-19,0.006991473812423874,0.0,65.42857142857143,77.0,51.98412698412698
2013-05-26,0.37934883720930235,0.0,61.142857142857146,69.98360655737704,51.09836065573771
2013-06-02,0.3008476658476658,0.11218637992831541,68.0,64.83870967741936,47.91935483870968
2013-06-09,0.10423220973782771,1.280795847750865,63.5,67.44615384615385,50.50769230769231
2013-06-16,0.3876297169811321,0.0,58.0,66.48529411764706,48.720588235294116
2013-06-23,0.0700709219858156,0.0,71.14285714285714,81.58571428571429,61.17142857142857
2013-06-30,0.27217286914765904,0.0,72.71428571428571,82.58571428571429,65.32857142857142
2013-07-07,0.049589743589743586,0.006902985074626866,62.25,56.784615384615385,39.44615384615385
2013-07-14,0.04268354430379747,0.0,58.857142857142854,67.79032258064517,49.096774193548384
2013-07-21,0.07115995115995116,0.0,81.85714285714286,91.81538461538462,72.98461538461538
2013-07-28,0.05966547192353644,0.0,68.0,76.42857142857143,60.07936507936508
2013-08-04,0.16416774193548386,0.19042145593869733,62.25,57.078125,40.25
2013-08-11,0.014223918575063613,0.0,63.857142857142854,73.33333333333333,53.55555555555556
2013-08-18,0.03123936816524909,0.010586552217453506,60.857142857142854,68.640625,49.984375
2013-08-25,0.07739837398373983,0.0,75.14285714285714,84.6875,63.609375
2013-09-01,0.06760479041916168,0.0,79.16666666666667,82.953125,63.78125
2013-09-08,0.16726342710997444,0.0,65.4,64.78125,45.875
2013-09-15,0.03983606557377049,0.33535825545171344,55.57142857142857,63.77272727272727,45.03030303030303
2013-09-22,0.232831541218638,0.0,64.14285714285714,72.58730158730158,55.301587301587304
2013-09-29,0.05268529769137303,0.0,63.142857142857146,74.26984126984127,51.22222222222222
2013-10-06,0.25236679058240397,0.009779951100244499,54.5,56.95384615384615,39.63076923076923
2013-10-13,0.020239898989898992,0.0012302284710017577,58.57142857142857,67.125,46.359375
2013-10-20,0.0558898847631242,0.0,50.285714285714285,57.476190476190474,42.74603174603175
2013-10-27,0.019096692111959288,0.0,41.42857142857143,49.95238095238095,31.396825396825395
2013-11-03,0.5003726708074534,0.0,51.25,54.953125,37.796875
2013-11-10,0.17729498164014687,0.0,64.57142857142857,73.578125,55.25
2013-11-17,0.06503937007874017,0.14127243066884176,39.285714285714285,46.484375,27.61904761904762
2013-11-24,0.15329883570504527,0.0,33.857142857142854,41.476190476190474,26.29032258064516
2013-12-01,0.004438280166435506,0.043622047244094485,27.5,37.36507936507937,21.063492063492063
2013-12-08,0.051843434343434344,0.013575525812619504,61.6,60.43076923076923,44.292307692307695
2013-12-15,0.07712534059945504,0.6930463576158941,34.285714285714285,42.43076923076923,23.984375
2013-12-22,0.11181277860326895,0.16385767790262173,27.857142857142858,32.72463768115942,20.86764705882353
2013-12-29,0.014202211690363349,0.1633851468048359,25.0,33.48571428571429,13.405797101449275
2014-01-05,0.08179941002949853,1.8049645390070923,25.0,33.0,16.855072463768117
2014-01-12,0.36267924528301887,0.0,59.285714285714285,69.57142857142857,51.542857142857144
2014-01-19,0.025547112462006076,0.42648556876061117,24.0,31.73134328358209,16.08955223880597
2014-01-26,0.06282407407407407,1.0385382059800665,13.571428571428571,24.323529411764707,1.9411764705882353
2014-02-02,0.07389507154213037,1.8983985765124556,13.428571428571429,20.545454545454547,3.0
2014-02-09,0.10429312581063553,2.8435064935064935,55.57142857142857,63.857142857142854,47.542857142857144
2014-02-16,0.0125,8.75282258064516,29.285714285714285,37.44927536231884,20.028985507246375
2014-02-23,0.2272283464566929,10.373353293413173,30.571428571428573,38.94202898550725,23.220588235294116
2014-03-02,0.01135303265940902,5.497765363128492,11.285714285714286,22.17391304347826,2.072463768115942
2014-03-09,0.13479896238651104,2.6241610738255035,55.142857142857146,63.98571428571429,46.55714285714286
2014-03-16,0.3014407988587732,2.427232142857143,38.142857142857146,46.74285714285714,27.514285714285716
2014-03-23,0.05509923664122138,0.5981481481481481,36.285714285714285,44.18840579710145,26.10144927536232
2014-03-30,0.03815519765739385,0.1794007490636704,33.714285714285715,41.84057971014493,23.185714285714287
2014-04-06,0.0990557939914163,3.0205323193916347,38.285714285714285,46.32857142857143,27.985714285714284
2014-04-13,0.048578878748370274,0.0,58.0,67.78571428571429,48.405797101449274
2014-04-20,0.10504854368932039,0.39155555555555555,45.57142857142857,57.31428571428572,34.1
2014-04-27,0.07858749999999999,0.0,52.42857142857143,63.52857142857143,41.77142857142857
2014-05-04,0.2590625,5.549300699300699,36.714285714285715,43.42857142857143,28.357142857142858
2014-05-11,0.25057881773399016,0.0,60.57142857142857,69.6231884057971,51.57971014492754
2014-05-18,0.20448877805486285,0.0,49.285714285714285,56.77142857142857,41.84285714285714
2014-05-25,0.1353116883116883,0.0,65.28571428571429,75.52857142857142,52.18571428571428
2014-06-01,0.14723958333333334,1.4739393939393939,57.714285714285715,70.6086956521739,47.55072463768116
2014-06-08,0.016833333333333336,6.276571428571429,47.42857142857143,57.927536231884055,37.78260869565217
2014-06-15,0.10407407407407408,0.0,57.857142857142854,67.54285714285714,48.371428571428574
2014-06-22,0.4350303766707169,0.0,73.85714285714286,84.3623188405797,63.72857142857143
2014-06-29,0.1584186046511628,0.0,72.57142857142857,83.35714285714286,63.94285714285714
2014-07-06,0.06645070422535211,3.7763485477178422,39.714285714285715,50.220588235294116,29.205882352941178
2014-07-13,0.29363405336721726,0.0,59.857142857142854,68.18571428571428,51.7
2014-07-20,0.0347625,0.0,68.0,77.25714285714285,57.57142857142857
2014-07-27,0.03044359949302915,0.0,72.85714285714286,81.98529411764706,62.44776119402985
2014-08-03,0.01302649930264993,3.788789237668161,46.0,56.44117647058823,36.53623188405797
2014-08-10,0.10198254364089776,0.0,65.0,75.47142857142858,54.57142857142857
2014-08-17,0.01320209973753281,0.0,59.714285714285715,67.25714285714285,50.74285714285714
2014-08-24,0.5656823529411764,0.0,75.57142857142857,84.08571428571429,68.01428571428572
2014-08-31,0.12716604244694132,0.0,75.57142857142857,84.41428571428571,68.12857142857143
2014-09-07,0.15757201646090535,3.990980392156863,43.714285714285715,53.47142857142857,32.17142857142857
2014-09-14,0.046410596026490065,0.0,53.42857142857143,61.710144927536234,45.46376811594203
2014-09-21,0.049426336375488926,0.0,61.285714285714285,70.7536231884058,50.01428571428571
2014-09-28,0.0011213720316622692,0.0,63.0,74.8,51.57142857142857
2014-10-05,0.06144271570014144,3.9204918032786886,45.57142857142857,55.36231884057971,32.95652173913044
2014-10-12,0.19738305941845763,0.0,58.0,66.52857142857142,49.81428571428572
2014-10-19,0.28552727272727274,0.0,53.42857142857143,59.77142857142857,47.142857142857146
2014-10-26,0.001978891820580475,0.0,53.0,62.5,42.957142857142856
2014-11-02,0.1423202170963365,3.2083769633507853,41.857142857142854,50.701492537313435,31.823529411764707
2014-11-09,0.4642336683417085,0.8840579710144928,60.285714285714285,70.37142857142857,51.02857142857143
2014-11-16,0.003255813953488372,0.05771144278606965,32.285714285714285,39.371428571428574,26.34285714285714
2014-11-23,0.02162921348314607,0.0124,26.0,34.05714285714286,18.37142857142857
2014-11-30,0.18892215568862275,0.32275862068965516,31.142857142857142,39.47826086956522,23.0
2014-12-07,0.30126498002663116,3.4047058823529412,49.857142857142854,59.98571428571429,39.02857142857143
2014-12-14,0.08458666666666666,0.000625,44.285714285714285,51.371428571428574,38.57142857142857
2014-12-21,0.02271551724137931,0.0,33.142857142857146,37.072463768115945,29.652173913043477
2014-12-28,0.08865217391304347,0.0,38.142857142857146,44.81159420289855,32.36231884057971
2015-01-04,0.08223101265822784,2.6704724409448817,24.857142857142858,33.42028985507246,16.797101449275363
2015-01-11,0.09462068965517241,0.0,60.57142857142857,68.91304347826087,51.72463768115942
2015-01-18,0.06903785488958991,3.562738853503185,27.285714285714285,33.82857142857143,19.114285714285714
2015-01-25,0.004867109634551495,0.4761403508771929,31.571428571428573,37.11764705882353,27.507246376811594
2015-02-01,0.020197693574958812,0.6204778156996588,27.0,33.42857142857143,19.62857142857143
2015-02-08,0.1306598240469208,7.238341968911917,50.142857142857146,60.9,39.391304347826086
2015-02-15,0.01867078825347759,3.7144144144144144,37.42857142857143,47.55223880597015,29.37313432835821
2015-02-22,0.0021535893155258767,5.834405144694534,11.428571428571429,18.971014492753625,2.857142857142857
2015-03-01,0.06855973813420622,6.0878125,13.714285714285714,23.9,4.4714285714285715
2015-03-08,0.1532183908045977,5.746703296703298,51.42857142857143,61.92857142857143,41.1
2015-03-15,0.01089622641509434,0.14010416666666667,52.42857142857143,62.55882352941177,41.98529411764706
2015-03-22,0.00025083612040133777,0.00273224043715847,42.57142857142857,52.161764705882355,33.029411764705884
2015-03-29,0.10505785123966943,1.2085185185185185,31.571428571428573,39.04477611940298,25.83823529411765
2015-04-05,0.14029641185647426,4.292436974789916,39.142857142857146,50.01449275362319,27.38235294117647
2015-04-12,0.005076708507670851,0.0,61.57142857142857,71.63235294117646,53.044117647058826
2015-04-19,0.06260989010989011,0.0,57.0,67.53623188405797,45.405797101449274
2015-04-26,0.1847144754316069,0.0,44.0,53.57971014492754,36.44285714285714
2015-05-03,0.015907046476761617,4.8217592592592595,29.857142857142858,41.11594202898551,21.985714285714284
2015-05-10,0.14894736842105263,0.0,63.857142857142854,73.66666666666667,55.196969696969695
2015-05-17,0.04288732394366197,0.0,57.714285714285715,66.77142857142857,49.98571428571429
2015-05-24,0.01749648382559775,0.0,57.857142857142854,68.55714285714286,47.67142857142857
2015-05-31,0.24222503160556258,0.0,65.85714285714286,76.0,57.65217391304348
2015-06-07,0.050870870870870874,5.0098130841121495,38.42857142857143,50.289855072463766,30.611940298507463
2015-06-14,0.3015519568151147,0.0,63.42857142857143,73.88059701492537,54.83582089552239
2015-06-21,0.47112195121951217,0.0,67.85714285714286,77.0,59.15714285714286
2015-06-28,0.15489690721649485,0.0,69.28571428571429,78.48571428571428,60.98571428571429
2015-07-05,0.10590711175616836,4.754502369668247,43.857142857142854,54.18571428571428,35.0
2015-07-12,0.14973463687150837,0.0,61.0,70.77941176470588,52.44927536231884
2015-07-19,0.2923211875843455,0.0,74.14285714285714,84.44285714285714,65.57142857142857
2015-07-26,0.0011373092926490985,0.0,75.28571428571429,85.0,64.98571428571428
2015-08-02,0.014943502824858757,3.3686746987951808,60.857142857142854,70.79411764705883,51.39705882352941
2015-08-09,0.15438095238095237,1.5755244755244755,62.142857142857146,70.66666666666667,54.94117647058823
2015-08-16,0.08545827633378933,0.0,64.42857142857143,75.15714285714286,54.68571428571428
2015-08-23,0.288339973439575,0.0,71.71428571428571,81.6,62.642857142857146
2015-08-30,0.1097119341563786,0.0,64.85714285714286,73.05714285714286,57.32857142857143
2015-09-06,0.2731900138696255,3.5071090047393363,46.142857142857146,57.55072463768116,37.2
2015-09-13,0.20199724517906337,0.0,58.857142857142854,68.22388059701493,50.507462686567166
2015-09-20,0.44715700141442716,0.0,68.28571428571429,78.93548387096774,58.04838709677419
2015-09-27,4.4117647058823526e-05,0.0,65.85714285714286,75.61904761904762,56.857142857142854
2015-10-04,0.1472448979591837,3.1014999999999997,44.857142857142854,53.87692307692308,37.46153846153846
2015-10-11,0.04083333333333333,0.0,62.142857142857146,72.20289855072464,52.971014492753625
2015-10-18,0.0,0.0,49.57142857142857,61.07142857142857,40.285714285714285
2015-10-25,0.06276564774381369,0.0,58.57142857142857,68.25714285714285,48.142857142857146
2015-11-01,0.1325035765379113,1.40390625,44.857142857142854,52.73913043478261,36.594202898550726
2015-11-08,0.08767045454545454,1.975151515151515,55.57142857142857,65.97142857142858,46.1
2015-11-15,0.0692511013215859,0.0,50.285714285714285,60.36231884057971,39.79710144927536
2015-11-22,0.25247041420118344,2.5951456310679615,41.857142857142854,49.55714285714286,34.871428571428574
2015-11-29,0.1953821138211382,1.9311787072243345,37.57142857142857,46.0735294117647,31.397058823529413
2015-12-06,0.1116715542521994,2.7032863849765256,41.42857142857143,51.31884057971015,33.971014492753625
2015-12-13,0.17251758087201124,0.0,60.42857142857143,68.56521739130434,52.36764705882353
2015-12-20,0.190392749244713,0.002966101694915254,36.714285714285715,44.47142857142857,30.771428571428572
2015-12-27,0.26729813664596275,0.0,41.285714285714285,47.91428571428571,36.214285714285715
2016-01-03,0.35701171875,0.780323275862069,1.661206896551724,36.564516129032256,31.15
2016-01-10,0.196,0.2979867549668874,0.0,61.42857142857143,69.55714285714286
2016-01-17,0.011514423076923077,0.7234660421545668,0.8769230769230769,32.48076923076923,25.15714285714286
2016-01-24,0.00984848484848485,0.5866013071895425,17.428571428571427,24.3,11.414285714285715
2016-01-31,0.011964573268921095,0.07269754768392371,3.4925373134328357,39.74647887323944,29.2375
2016-02-07,0.0018750000000000004,0.23081123244929797,0.23653250773993809,37.0,49.857142857142854
2016-02-14,0.08333333333333333,0.10843615494978479,0.018823529411764704,46.714285714285715,53.628571428571426
2016-02-21,,0.02480928689883914,0.3666044776119403,34.57142857142857,42.53623188405797
2016-02-28,,0.0308099173553719,0.34953959484346225,37.0,43.73529411764706
2016-03-06,0.003975903614457831,0.2883118971061093,0.26794871794871794,36.625,50.81159420289855
2016-03-13,0.14500000000000002,0.14321477428180573,0.005050505050505051,59.142857142857146,65.57971014492753
2016-03-20,,0.13502849002849004,0.0,44.57142857142857,52.74285714285714
2016-03-27,,0.1793361581920904,0.004347826086956522,41.0,51.42857142857143
2016-04-03,0.0,0.214640522875817,0.10456989247311828,35.625,47.74285714285714
2016-04-10,0.14333333333333334,0.06210242587601078,0.0,64.0,73.12857142857143
2016-04-17,,0.0061764705882352946,0.04556313993174062,49.714285714285715,60.22857142857143
2016-04-24,,0.06452513966480447,0.0,56.42857142857143,67.61428571428571
2016-05-01,0.0006896551724137932,0.2489069423929099,0.07624633431085044,39.375,52.720588235294116
2016-05-08,0.15,0.06035211267605634,0.07816377171215881,52.285714285714285,60.285714285714285
2016-05-15,0.16199999999999998,0.16169916434540388,0.9592165898617512,54.0,62.971014492753625
2016-05-22,0.14857142857142858,0.003318840579710145,0.0,57.57142857142857,67.35714285714286
2016-05-29,0.16714285714285712,0.21087671232876712,0.0,72.0,83.95652173913044
2016-06-05,0.005056179775280899,0.11297560975609756,0.07085427135678392,42.375,56.91428571428571
2016-06-12,0.16999999999999998,0.20050264550264552,0.0,65.85714285714286,75.45714285714286
2016-06-19,0.20428571428571432,0.11755766621438263,0.0,73.85714285714286,84.47826086956522
2016-06-26,0.21285714285714286,0.1532806324110672,0.0,75.71428571428571,84.91304347826087
2016-07-03,0.009555555555555555,0.08509493670886076,0.08200455580865604,48.5625,65.14285714285714
2016-07-10,0.16166666666666665,0.1658768406961178,0.0002785515320334262,66.85714285714286,75.14492753623189
2016-07-17,0.21399999999999997,0.09618528610354223,0.0,63.285714285714285,73.71428571428571
2016-07-24,0.1757142857142857,0.5396965699208442,0.0,80.0,89.2
2016-07-31,0.15571428571428572,0.2803280839895013,0.0,76.0,84.85714285714286
2016-08-07,0.036206896551724134,0.08808936825885978,0.12276657060518732,47.1875,57.63768115942029
2016-08-14,0.196,0.3276853055916775,0.004143646408839779,62.285714285714285,71.47826086956522
2016-08-21,0.15857142857142859,0.34540880503144655,0.0,74.28571428571429,83.30434782608695
2016-08-28,0.14857142857142858,0.2619041450777202,0.0,73.14285714285714,82.2463768115942
2016-09-04,0.19897727272727275,0.14135542168674697,0.403030303030303,47.75,58.7536231884058
2016-09-11,0.14666666666666667,0.013857526881720431,0.0,63.857142857142854,72.6231884057971
2016-09-18,0.1416666666666667,0.016541554959785522,0.0,63.857142857142854,72.64285714285714
2016-09-25,0.12666666666666668,0.04834886817576565,0.0,71.42857142857143,80.62857142857143
2016-10-02,0.31333333333333335,0.2659275362318841,0.1184549356223176,38.75,53.30434782608695
2016-10-09,0.13,0.19002751031636864,0.0,62.142857142857146,70.92753623188406
2016-10-16,0.06,0.11264665757162348,0.02,50.0,59.98571428571429
2016-10-23,0.06999999999999999,0.018051771117166212,0.0,58.714285714285715,68.02857142857142
2016-10-30,0.09428571428571429,0.21315860215053764,0.0,52.142857142857146,59.130434782608695
2016-11-06,0.009431818181818182,0.21055469953775038,0.013404825737265416,31.8125,48.82857142857143
2016-11-13,0.1475,0.028068965517241383,0.49368836291913215,58.42857142857143,67.17391304347827
2016-11-20,,0.029957386363636363,0.0,46.57142857142857,56.30434782608695
2016-11-27,0.0,0.05877218934911243,0.0,36.57142857142857,43.1
2016-12-04,0.10411764705882352,0.46658015267175573,0.03926701570680628,28.625,40.628571428571426
2016-12-11,0.16833333333333333,0.1005718085106383,0.0,66.28571428571429,76.35714285714286
2016-12-18,,0.08118506493506493,0.8979245283018867,13.857142857142858,21.928571428571427
2016-12-25,,0.01061056105610561,0.0029239766081871343,25.428571428571427,31.855072463768117
2017-01-01,,0.040520325203252036,0.0007968127490039841,32.57142857142857,41.205882352941174
2017-01-08,0.14333333333333334,0.40815159574468085,0.0015463917525773197,56.285714285714285,63.542857142857144
2017-01-15,0.185,0.006584022038567493,0.000847457627118644,39.714285714285715,47.15942028985507
2017-01-22,,0.281358024691358,0.0002666666666666667,38.714285714285715,44.15714285714286
2017-01-29,,0.012957317073170731,0.0102880658436214,32.57142857142857,35.63768115942029
2017-02-05,,0.045949554896142435,0.02896551724137931,34.42857142857143,42.25714285714286
2017-02-12,0.164,0.05869017632241814,0.0,63.142857142857146,72.72857142857143
2017-02-19,,0.0,0.0,41.857142857142854,52.07142857142857
2017-02-26,,0.06545602605863192,0.0004819277108433735,46.142857142857146,55.24285714285714
2017-03-05,0.0,0.048237037037037044,0.0,39.142857142857146,45.371428571428574
2017-03-12,0.21800000000000003,0.05907477820025348,0.0004784688995215311,64.14285714285714,74.11428571428571
2017-03-19,,0.058569254185692546,0.9475903614457831,32.57142857142857,38.857142857142854
2017-03-26,,0.18565092989985696,0.0,45.0,54.457142857142856
2017-04-02,,0.3463439306358381,0.0,36.714285714285715,43.19117647058823
2017-04-09,0.128,0.150748031496063,0.026410256410256412,59.857142857142854,67.78571428571429
2017-04-16,0.06,0.13235370611183356,0.0,59.142857142857146,66.67142857142858
2017-04-23,,0.019384010484927917,0.0,55.57142857142857,67.33333333333333
2017-04-30,,0.37973451327433627,0.0,54.142857142857146,63.89393939393939
2017-05-07,0.13,0.04540915395284328,0.0007984031936127745,46.142857142857146,54.0
2017-05-14,0.15,0.08081012658227849,0.0,58.57142857142857,68.68571428571428
2017-05-21,0.16714285714285712,0.13648682559598493,0.0,64.0,73.72857142857143
2017-05-28,0.11285714285714286,0.179973474801061,0.0,60.714285714285715,69.27142857142857
2017-06-04,0.9033333333333333,0.18316155988857938,0.0,47.42857142857143,56.44285714285714
2017-06-11,0.14666666666666667,0.07243781094527363,0.0,61.57142857142857,69.77142857142857
2017-06-18,0.198,0.21036340852130325,0.0,70.42857142857143,80.22857142857143
2017-06-25,0.2316666666666667,0.14564495530012772,0.0,70.57142857142857,80.04285714285714
2017-07-02,0.122,0.22140992167101828,0.0,56.285714285714285,65.57971014492753
2017-07-09,0.188,0.03619354838709678,0.0,60.57142857142857,68.57142857142857
2017-07-16,0.828,0.15226221079691518,0.007857142857142856,60.714285714285715,67.25714285714285
2017-07-23,0.3485714285714286,0.5103802281368821,0.0,76.28571428571429,85.54285714285714
2017-07-30,0.17714285714285713,0.08831168831168831,0.0,73.42857142857143,80.78260869565217
2017-08-06,0.16,0.03148667601683029,0.015875912408759123,46.714285714285715,56.205882352941174
2017-08-13,0.11200000000000002,0.07755414012738854,0.0,57.0,66.8
2017-08-20,0.14714285714285716,0.04191435768261965,0.0,74.57142857142857,83.76811594202898
2017-08-27,0.13857142857142857,0.07875,0.0,70.0,79.21739130434783
2017-09-03,0.12,0.07924932975871313,0.05989974937343358,51.0,59.44927536231884
2017-09-10,0.21,0.07125475285171103,0.0,65.85714285714286,76.45714285714286
2017-09-17,0.124,0.015031605562579015,0.09238095238095238,61.42857142857143,70.95652173913044
2017-09-24,0.13428571428571429,0.07082825822168087,0.0,77.71428571428571,88.25714285714285
2017-10-01,0.13,0.004578005115089514,0.01353637901861252,64.85714285714286,74.8
2017-10-08,0.1375,0.08758256274768823,0.0,58.42857142857143,67.51428571428572
2017-10-15,0.10200000000000001,0.7046065989847716,0.00368763557483731,51.142857142857146,59.714285714285715
2017-10-22,0.09857142857142857,0.004490566037735849,0.0,60.42857142857143,71.01428571428572
2017-10-29,0.04833333333333333,0.3344200244200244,0.00030030030030030034,44.857142857142854,51.47142857142857
2017-11-05,0.21333333333333335,0.24179004037685062,0.0011627906976744186,40.285714285714285,49.385714285714286
2017-11-12,0.1975,0.27785070785070787,0.023076923076923075,58.57142857142857,66.68571428571428
2017-11-19,,0.22588313413014607,0.0002958579881656805,39.285714285714285,44.48571428571429
2017-11-26,,0.003738680465717982,0.0,39.57142857142857,48.48571428571429
2017-12-03,,0.06016620498614958,0.00852575488454707,39.857142857142854,47.857142857142854
2017-12-10,0.12333333333333334,0.09039490445859871,0.0,65.42857142857143,72.76470588235294
2017-12-17,,0.01033093525179856,0.07890625,30.142857142857142,37.614285714285714
2017-12-24,,0.004465592972181551,0.01910569105691057,34.857142857142854,39.768115942028984
2017-12-31,,0.044395770392749244,0.5856140350877194,7.142857142857143,13.357142857142858
2018-01-07,0.19,0.09263721552878179,0.0,46.42857142857143,57.214285714285715
2018-01-14,0.13,0.08910761154855644,0.02725225225225225,46.285714285714285,53.885714285714286
2018-01-21,,0.02959028831562974,0.5807420494699647,25.571428571428573,31.97142857142857
2018-01-28,,0.11112230215827339,0.06966731898238748,37.857142857142854,44.2
2018-02-04,,0.02358681875792142,0.005194805194805195,24.625,32.69230769230769
2018-02-11,0.16,0.22983071342200725,0.0,68.14285714285714,77.47142857142858
2018-02-18,,0.1486036036036036,0.23399602385685886,31.714285714285715,40.52857142857143
2018-02-25,,0.5031824611032532,0.004370179948586119,40.285714285714285,48.142857142857146
2018-03-04,,0.0035539568345323742,0.02495344506517691,36.142857142857146,44.042857142857144
2018-03-11,0.095,0.26270303030303027,0.0,67.85714285714286,77.67142857142858
2018-03-18,,0.04626628075253256,0.1750465549348231,35.0,43.642857142857146
2018-03-25,,0.0,0.0,35.285714285714285,43.05882352941177
2018-04-01,,0.08387955182072829,0.013930348258706466,38.285714285714285,45.871428571428574
2018-04-08,0.125,0.04520475561426684,0.1687378640776699,56.142857142857146,65.54285714285714
2018-04-15,0.06,0.32464239271781536,0.015517241379310345,48.714285714285715,57.48571428571429
2018-04-22,,0.07409859154929577,0.13475836431226765,40.57142857142857,47.65714285714286
2018-04-29,,0.005743801652892562,0.0,48.714285714285715,58.43478260869565
2018-05-06,0.21000000000000002,0.009917355371900827,0.16166365280289333,39.0,49.11764705882353
2018-05-13,0.18200000000000002,0.32262764632627644,0.009850746268656717,62.0,69.37142857142857
2018-05-20,0.19333333333333333,0.19647420147420147,0.0,59.857142857142854,71.23188405797102
2018-05-27,0.16142857142857145,0.20515544041450776,0.0,69.57142857142857,78.66176470588235
2018-06-03,0.6525,0.14930481283422462,0.37718940936863543,52.0,60.911764705882355
2018-06-10,0.22400000000000003,0.28453316953316954,0.01643835616438356,63.285714285714285,72.52857142857142
2018-06-17,0.16999999999999998,0.15991002570694088,0.0,66.85714285714286,73.68571428571428
2018-06-24,0.20333333333333334,0.5286214953271028,0.0,70.85714285714286,78.6
2018-07-01,0.20800000000000002,0.11384810126582279,0.002028397565922921,68.14285714285714,76.9
2018-07-08,0.135,0.06593506493506494,0.31633986928104574,50.285714285714285,58.785714285714285
2018-07-15,0.152,0.14402022756005056,0.0,60.57142857142857,67.41428571428571
2018-07-22,0.19714285714285715,0.16800751879699247,0.0,75.0,82.64285714285714
2018-07-29,0.16714285714285712,0.017023959646910468,0.0,73.71428571428571,81.84285714285714
2018-08-05,0.16333333333333333,0.009372442019099592,0.044851657940663175,45.714285714285715,53.2
2018-08-12,0.144,0.1849556400506971,0.0,58.285714285714285,66.3913043478261
2018-08-19,0.16285714285714287,0.11822541966426858,0.0,77.0,85.77142857142857
2018-08-26,0.4328571428571429,0.2615177478580171,0.0,72.28571428571429,81.14492753623189
2018-09-02,0.22000000000000003,0.2874040920716113,0.9516930022573364,61.714285714285715,69.27142857142857
2018-09-09,0.248,0.14438287153652393,0.2628997867803838,60.0,68.72857142857143
2018-09-16,0.134,0.011823899371069183,0.07047451669595782,60.857142857142854,70.11428571428571
2018-09-23,0.13999999999999999,0.030812121212121214,0.0,70.57142857142857,80.52857142857142
2018-09-30,0.05285714285714286,0.09523573200992556,0.0,60.42857142857143,69.46376811594203
2018-10-07,0.14,0.18384408602150537,0.5715686274509804,48.285714285714285,56.5
2018-10-14,0.134,0.036950261780104715,0.005399061032863849,49.857142857142854,58.67142857142857
2018-10-21,0.054285714285714284,0.038263090676883785,0.001388888888888889,44.857142857142854,54.24285714285714
2018-10-28,0.051666666666666666,0.025359897172236506,0.0,47.0,54.65714285714286
2018-11-04,,0.1566090425531915,0.6433333333333333,44.142857142857146,51.22857142857143
2018-11-11,0.14166666666666666,0.15786600496277914,0.0,60.0,68.48571428571428
2018-11-18,,0.036606145251396646,0.24946808510638296,30.285714285714285,36.128571428571426
2018-11-25,,0.03784593437945792,0.018093385214007784,35.57142857142857,40.69565217391305
2018-12-02,,0.22370314842578712,0.7758691206543967,25.428571428571427,32.55714285714286
2018-12-09,0.09,0.02786531130876747,0.0,62.42857142857143,71.22857142857143
2018-12-16,0.04,0.05537463976945245,0.0,35.57142857142857,43.57142857142857
2018-12-23,,0.014848046309696092,0.0,35.857142857142854,43.14492753623188
2018-12-30,,0.10937878787878788,0.0824524312896406,33.714285714285715,42.542857142857144
2019-01-06,2.4,0.4730255681818182,0.27101769911504425,36.42857142857143,44.028985507246375
2019-01-13,,0.21463157894736842,1.03125,56.0,63.390625
2019-01-20,,0.0612743628185907,0.8085185185185185,25.714285714285715,30.652173913043477
2019-01-27,,0.08594294770206022,0.5825462012320328,11.571428571428571,20.614285714285714
2019-02-03,,0.06573899371069183,0.7681017612524462,11.0,21.84285714285714
2019-02-10,2.81,0.05828996282527881,0.0,63.0,72.234375
2019-02-17,,0.026625386996904022,0.18077669902912621,27.285714285714285,35.35820895522388
2019-02-24,,0.13874617737003056,0.512655601659751,30.142857142857142,37.957142857142856
2019-03-03,,0.005746268656716418,0.012454873646209386,23.571428571428573,32.13636363636363
2019-03-10,2.7,0.3647368421052632,0.0,62.285714285714285,71.27692307692308
2019-03-17,,0.13775596072931276,0.05368663594470046,39.714285714285715,49.184615384615384
2019-03-24,,0.03305013927576602,0.009127789046653144,39.57142857142857,47.6031746031746
2019-03-31,,0.1260245901639344,0.0006787330316742082,40.57142857142857,51.1764705882353
2019-04-07,0.16,0.030321285140562253,0.0011627906976744186,46.57142857142857,56.22727272727273
2019-04-14,,0.0421870882740448,0.05239130434782609,51.857142857142854,59.0
2019-04-21,,0.1733112582781457,0.4543668122270742,51.285714285714285,63.01428571428571
2019-04-28,,0.16601016518424397,0.2317391304347826,53.42857142857143,64.31884057971014
2019-05-05,0.13,0.2573841961852861,0.009230769230769232,38.714285714285715,48.31884057971015
2019-05-12,,0.11876884422110554,0.0,61.0,70.625
2019-05-19,0.40714285714285714,0.19253521126760564,0.0,58.42857142857143,70.77142857142857
2019-05-26,0.9099999999999999,0.2017179487179487,0.0,62.714285714285715,72.38571428571429
2019-06-02,1.6320000000000001,0.4398307291666667,0.0034482758620689655,56.285714285714285,65.9
2019-06-09,0.19,0.019675405742821474,0.0,59.0,68.3030303030303
2019-06-16,,0.2101024327784891,0.0,54.714285714285715,64.19047619047619
2019-06-23,,0.1561221945137157,0.0,64.71428571428571,74.58064516129032
2019-06-30,,0.22757614213197971,0.0,75.71428571428571,86.41269841269842
2019-07-07,0.4,0.14461229946524065,0.0,48.714285714285715,57.55882352941177
2019-07-14,,0.017289002557544758,0.00297951582867784,60.285714285714285,70.80952380952381
2019-07-21,,0.34182619647355167,0.0,79.85714285714286,89.80952380952381
2019-07-28,,0.07151624548736463,0.0,74.42857142857143,83.31746031746032
2019-08-04,,0.1524250325945241,0.009164420485175202,51.42857142857143,59.12307692307692
2019-08-11,0.03,0.022718078381795195,0.0,58.857142857142854,68.859375
2019-08-18,,0.15553217821782178,0.0,67.71428571428571,77.3015873015873
2019-08-25,,0.174,0.0,71.14285714285714,79.25396825396825
2019-09-01,,0.14196700507614213,0.0,62.857142857142854,71.0
2019-09-08,0.09,0.1769200524246396,0.0,54.57142857142857,63.9375
2019-09-15,,0.27543114543114544,0.0,59.714285714285715,67.58730158730158
2019-09-22,,0.1219777503090235,0.0,72.0,80.56451612903226
2019-09-29,,0.6510620525059666,0.0,64.85714285714286,73.33333333333333
2019-10-06,0.05,0.09363515312916111,0.0054320987654320994,43.714285714285715,50.8
2019-10-13,,0.012625482625482626,0.0,57.857142857142854,67.24193548387096
2019-10-20,,0.0030720606826801517,0.0,49.42857142857143,59.84126984126984
2019-10-27,,0.4170273631840796,0.0,47.857142857142854,55.516129032258064
2019-11-03,,0.2024931880108992,0.31106471816283926,34.142857142857146,39.609375
2019-11-10,0.24,0.05933249370277078,0.0,64.42857142857143,72.96923076923076
2019-11-17,,0.027577548005908423,0.22014134275618374,26.0,33.82258064516129
2019-11-24,,0.09216954022988506,0.0,38.142857142857146,44.74603174603175
2019-12-01,,0.09142642642642643,0.024770642201834864,38.0,44.610169491525426
2019-12-08,0.03,0.16211842105263158,0.05682382133995037,53.714285714285715,61.23880597014925
2019-12-15,,0.1550284090909091,0.17853881278538813,36.142857142857146,45.306451612903224
2019-12-22,,0.0055668604651162796,0.08693379790940767,28.857142857142858,36.80952380952381
2019-12-29,,0.1277185185185185,0.0,44.0,53.96666666666667
2020-01-05,0.013912037037037037,0.11330935251798561,1.1711711711711712,48.666666666666664,35.967213114754095
2020-01-12,0.026443468715697038,0.0,59.714285714285715,67.08064516129032,50.54838709677419
2020-01-19,,0.10286131386861314,0.3070524412296564,25.714285714285715,32.774193548387096
2020-01-26,,0.10608024691358024,0.22082514734774067,28.714285714285715,33.15873015873016
2020-02-02,0.01327956989247312,0.03116504854368932,0.2113978494623656,40.869565217391305,34.89855072463768
2020-02-09,0.09470786516853934,0.0,66.28571428571429,75.2,54.13333333333333
2020-02-16,0.053500000000000006,0.571939736346516,28.142857142857142,38.03174603174603,16.61904761904762
2020-02-23,0.027631975867269985,0.00018281535648994517,30.857142857142858,39.03174603174603,20.081967213114755
2020-03-01,0.04740350877192982,0.328353982300885,2.101123595505618,36.0,27.370967741935484
2020-03-08,0.05825829383886256,0.0,61.0,69.41666666666667,49.333333333333336
2020-03-15,0.006658506731946145,0.019932432432432434,47.42857142857143,55.6,38.016666666666666
2020-03-22,0.11722826086956521,0.020600858369098713,39.0,46.1551724137931,32.10344827586207
2020-03-29,0.20366233766233766,0.5862660944206008,44.142857142857146,52.52542372881356,36.101694915254235
2020-04-05,0.02067873303167421,0.012731006160164272,3.9662650602409637,50.2037037037037,35.557377049180324
2020-04-12,0.041600429645542426,0.0,63.142857142857146,72.53968253968254,51.77777777777778
2020-04-19,0.08480148883374689,0.5771153846153847,40.714285714285715,48.54838709677419,30.93548387096774
2020-04-26,0.10676156583629894,0.0,47.0,56.6,39.459016393442624
2020-05-03,0.555397489539749,0.008714953271028038,3.764935064935065,56.89090909090909,38.65079365079365
2020-05-10,0.026369636963696368,0.0,62.42857142857143,71.88524590163935,51.596774193548384
2020-05-17,0.5286542669584245,0.0,56.857142857142854,66.05,47.21666666666667
2020-05-24,0.513135593220339,0.0,62.714285714285715,69.65,54.53333333333333
2020-05-31,0.10118589743589743,0.0,71.57142857142857,80.375,61.339285714285715
2020-06-07,0.05895035460992908,0.32703237410071945,3.606741573033708,59.5,42.774193548387096
2020-06-14,0.05193965517241379,0.00018214936247723133,59.42857142857143,69.05084745762711,49.6
2020-06-21,0.052646744930629666,0.0,75.0,84.7,61.01639344262295
2020-06-28,0.36028125,0.0,74.57142857142857,83.7741935483871,64.5079365079365
2020-07-05,0.17008571428571428,0.1347560975609756,3.6989247311827955,65.71698113207547,43.91803278688525
2020-07-12,0.05022776572668113,0.00016977928692699492,67.0,74.7741935483871,55.693548387096776
2020-07-19,0.16571138211382114,0.0,77.85714285714286,85.5079365079365,66.83870967741936
2020-07-26,0.11567209775967414,0.0,78.28571428571429,86.10344827586206,67.71428571428571
2020-08-02,0.0707379134860051,0.009381663113006398,4.548387096774194,76.54716981132076,56.704918032786885
2020-08-09,0.14754152823920264,0.0,64.71428571428571,74.70491803278688,53.68852459016394
2020-08-16,0.025312499999999998,0.0,66.85714285714286,75.2741935483871,56.22222222222222
2020-08-23,0.002489451476793249,0.0,76.14285714285714,84.13559322033899,63.111111111111114
2020-08-30,0.032851108764519535,0.0,81.71428571428571,90.1311475409836,70.37096774193549
2020-09-06,0.04789772727272727,0.00411764705882353,3.5161290322580645,63.660377358490564,44.54838709677419
2020-09-13,0.1564794816414687,0.0,66.71428571428571,74.95238095238095,56.666666666666664
2020-09-20,0.00026939655172413793,0.0,63.714285714285715,72.64516129032258,53.04761904761905
2020-09-27,0.0008800880088008801,0.0,68.57142857142857,78.19354838709677,55.016666666666666
2020-10-04,0.21803072625698325,0.09673860911270984,5.017543859649122,55.111111111111114,41.016129032258064
2020-10-11,0.2109090909090909,0.0,69.28571428571429,77.35,57.7
2020-10-18,0.031018826135105208,0.0,52.0,63.61818181818182,37.482142857142854
2020-10-25,0.4160482985729967,0.0,47.857142857142854,58.24590163934426,40.63934426229508
2020-11-01,0.022096128170894527,0.31081996434937614,3.9311475409836065,45.833333333333336,33.225806451612904
2020-11-08,0.17324041811846688,0.0,54.857142857142854,65.15517241379311,48.293103448275865
2020-11-15,0.1787807486631016,0.0,47.285714285714285,56.20967741935484,38.66129032258065
2020-11-22,0.012060737527114968,0.0,44.714285714285715,51.564516129032256,36.193548387096776
2020-11-29,0.1353924914675768,0.11570093457943925,41.285714285714285,46.983333333333334,33.28333333333333
2020-12-06,0.04089235127478753,0.04490974729241877,4.111627906976745,54.092592592592595,36.7
2020-12-13,0.25436343852013055,0.0,56.42857142857143,62.61290322580645,47.17741935483871
2020-12-20,0.0005542725173210162,0.0040118870728083214,31.857142857142858,36.666666666666664,25.714285714285715
2020-12-27,0.020551558752997603,0.003908794788273616,30.142857142857142,38.714285714285715,20.634920634920636
2021-01-03,0.13232997481108313,0.71424,29.142857142857142,34.74603174603175,20.885245901639344
2021-01-10,0.052088934850051706,0.0012048192771084338,62.714285714285715,73.12962962962963,51.36842105263158
2021-01-17,0.045578562728380026,0.19458646616541353,36.142857142857146,41.18032786885246,29.9672131147541
2021-01-24,0.014367816091954023,0.1566225165562914,25.571428571428573,32.73015873015873,17.349206349206348
2021-01-31,0.17158031088082903,1.614139941690962,26.714285714285715,31.333333333333332,20.758064516129032
2021-02-07,0.061493728620296464,0.09769417475728155,47.142857142857146,54.333333333333336,35.54385964912281
2021-02-14,0.017364864864864864,0.3252032520325203,44.285714285714285,51.36842105263158,34.672413793103445
2021-02-21,0.0866982408660352,1.3893682588597844,15.857142857142858,23.387096774193548,5.209677419354839
2021-02-28,0.037201540436456994,0.05198776758409786,38.0,44.58730158730159,27.92063492063492
2021-03-07,0.025,0.08486932599724897,51.285714285714285,59.30357142857143,38.30357142857143
2021-03-14,0.057566702241195304,0.0,54.857142857142854,62.86206896551724,44.94827586206897
2021-03-21,0.11476079346557759,0.11681547619047619,39.285714285714285,46.285714285714285,31.6984126984127
2021-03-28,0.07059275521405049,0.0,49.857142857142854,58.225806451612904,40.564516129032256
2021-04-04,0.0017960602549246813,0.01610062893081761,42.57142857142857,51.38333333333333,29.64406779661017
2021-04-11,0.04441176470588235,0.0,66.57142857142857,73.01886792452831,56.36842105263158
2021-04-18,0.0001762114537444934,0.0,45.142857142857146,54.932203389830505,36.42372881355932
2021-04-25,0.02923573735199139,0.007668711656441718,46.57142857142857,54.52459016393443,37.1
2021-05-02,0.08808773903262092,0.30187265917602996,47.42857142857143,57.68333333333333,37.15
2021-05-09,0.004859611231101512,0.0,65.71428571428571,74.67272727272727,53.232142857142854
2021-05-16,0.01755813953488372,0.0,54.57142857142857,61.56603773584906,44.42857142857143
2021-05-23,0.02489817792068596,0.0,71.57142857142857,79.125,60.810344827586206
2021-05-30,0.21104493207941483,0.0,61.857142857142854,72.72549019607843,51.91228070175438
2021-06-06,0.004573991031390135,0.0033287101248266294,48.714285714285715,55.78947368421053,39.333333333333336
2021-06-13,0.10903191489361702,0.0,65.28571428571429,72.39285714285714,54.91228070175438
2021-06-20,0.04858185610010428,0.0,73.85714285714286,83.89285714285714,61.39344262295082
2021-06-27,0.7468186528497409,0.0,71.0,77.76785714285714,63.233333333333334
2021-07-04,0.2025813692480359,0.13359375,52.42857142857143,59.83050847457627,43.18333333333333
2021-07-11,0.06751311647429172,0.0,68.0,77.30357142857143,58.48275862068966
2021-07-18,0.10756476683937824,0.0,64.71428571428571,71.57407407407408,58.629629629629626
2021-07-25,0.06449108079748164,0.0,76.28571428571429,85.80357142857143,67.60714285714286
2021-08-01,0.09202688728024819,0.0003053435114503817,71.14285714285714,78.51785714285714,61.910714285714285
2021-08-08,0.04225806451612903,0.05480427046263345,56.0,62.8421052631579,44.983050847457626
2021-08-15,0.09082304526748972,0.0,63.0,71.03571428571429,53.767857142857146
2021-08-22,0.05618034447821682,0.0,76.85714285714286,84.83928571428571,67.91071428571429
2021-08-29,0.23363453815261043,0.0,80.0,90.75,70.81818181818181
2021-09-05,0.25571587125416206,0.34338919925512107,49.0,57.23728813559322,39.65
2021-09-12,0.056377118644067796,0.0,63.714285714285715,71.85714285714286,55.0
2021-09-19,0.02522051282051282,0.0,72.71428571428571,84.23636363636363,62.58181818181818
2021-09-26,0.11812437311935807,0.0,64.71428571428571,74.44642857142857,55.910714285714285
2021-10-03,0.0002447163515016685,0.0054906542056074766,53.57142857142857,61.43103448275862,43.48275862068966
2021-10-10,0.10434735706580367,0.0,66.85714285714286,75.05357142857143,57.2
2021-10-17,0.09914225941422594,0.0,54.285714285714285,63.57142857142857,44.80357142857143
2021-10-24,0.016072916666666666,0.0,53.857142857142854,63.625,44.517857142857146
2021-10-31,0.6150207039337474,0.0,50.57142857142857,55.464285714285715,43.839285714285715
2021-11-07,0.0899886234357224,0.05835051546391753,48.142857142857146,54.47457627118644,39.721311475409834
2021-11-14,0.22535331905781583,0.003333333333333333,56.42857142857143,63.767857142857146,47.69642857142857
2021-11-21,0.022601351351351353,0.0005084745762711866,40.0,47.607142857142854,31.21818181818182
2021-11-28,0.011261467889908257,0.0,34.714285714285715,42.285714285714285,25.125
2021-12-05,0.00675550405561993,0.043098591549295774,38.42857142857143,45.08474576271186,28.866666666666667
2021-12-12,0.2764083769633508,0.0013856812933025404,64.42857142857143,71.10714285714286,56.85964912280702
2021-12-19,0.030237020316027086,0.0,41.714285714285715,50.0,32.660714285714285
2021-12-26,0.005985489721886336,0.0,36.142857142857146,44.589285714285715,27.071428571428573
2022-01-02,0.15285714285714286,0.329136690647482,35.714285714285715,40.5,29.732142857142858
2022-01-09,0.17641364136413643,0.008922558922558922,63.142857142857146,70.35714285714286,53.839285714285715
2022-01-16,0.02173267326732673,0.07297297297297298,35.714285714285715,42.857142857142854,27.642857142857142
2022-01-23,0.036807947019867546,0.4508100147275405,21.571428571428573,30.428571428571427,13.25
2022-01-30,0.03362045760430687,0.5533434650455927,15.142857142857142,23.803571428571427,5.642857142857143
2022-02-06,0.09749726775956283,0.9058252427184467,37.625,45.5,30.359375
2022-02-13,0.036738391845979615,0.0002547770700636943,57.142857142857146,66.21818181818182,47.90909090909091
2022-02-20,0.1833509234828496,0.45241809672386896,27.285714285714285,37.482142857142854,16.678571428571427
2022-02-27,0.1354485488126649,0.33395585738539896,28.714285714285715,36.55357142857143,21.339285714285715
2022-03-06,0.17048840048840047,0.4820205479452055,37.42857142857143,46.25454545454546,30.303571428571427
2022-03-13,0.0004745762711864407,0.00012077294685990339,60.42857142857143,72.36363636363636,49.14545454545455
2022-03-20,0.11263157894736842,0.0,46.857142857142854,58.19642857142857,36.472727272727276
2022-03-27,0.1364719904648391,0.005307855626326964,44.285714285714285,51.77358490566038,36.35849056603774
2022-04-03,0.2494251497005988,0.004067321178120617,33.42857142857143,40.05357142857143,25.482142857142858
2022-04-10,0.1695092693565976,0.0,62.57142857142857,71.65454545454546,54.50909090909091
2022-04-17,0.07251428571428571,0.0,46.57142857142857,55.125,36.018181818181816
2022-04-24,0.173631156930126,0.03810623556581986,51.57142857142857,60.32142857142857,43.7962962962963
2022-05-01,0.05786384976525821,0.0019748653500897668,44.42857142857143,52.625,37.05357142857143
2022-05-08,0.18816742081447965,0.02370486656200942,54.142857142857146,63.21818181818182,44.50909090909091
2022-05-15,0.06284103720405863,0.0,64.85714285714286,73.53571428571429,53.785714285714285
2022-05-22,0.18689768976897692,0.0,63.0,72.81818181818181,53.392857142857146
2022-05-29,0.15479375696767,0.0,62.57142857142857,71.92592592592592,53.17307692307692
2022-06-05,0.19028436018957345,0.010382513661202186,48.42857142857143,55.70909090909091,39.53703703703704
2022-06-12,0.09579532814238043,0.0,64.71428571428571,73.07142857142857,56.49090909090909
2022-06-19,0.06356257046223225,0.0,76.85714285714286,88.28571428571429,64.64285714285714
2022-06-26,0.07682872928176795,0.0,79.0,88.35185185185185,65.85714285714286
2022-07-03,0.045629539951573844,0.11839557399723374,52.142857142857146,60.767857142857146,43.142857142857146
2022-07-10,0.14201975850713502,0.0,62.285714285714285,69.94642857142857,55.464285714285715
2022-07-17,0.16308710033076074,0.0,63.714285714285715,70.21428571428571,57.357142857142854
2022-07-24,0.2976713819368879,0.0,79.85714285714286,88.03571428571429,69.60714285714286
2022-07-31,0.10627624309392265,0.0,73.85714285714286,81.69642857142857,64.44642857142857
2022-08-07,0.018471563981042653,0.011861861861861863,43.42857142857143,51.57142857142857,36.236363636363635
2022-08-14,0.12237020316027088,0.0,60.285714285714285,67.51785714285714,52.589285714285715
2022-08-21,0.13404094827586208,0.0,72.28571428571429,81.0,63.767857142857146
2022-08-28,0.03774944567627494,0.0,73.42857142857143,82.71428571428571,63.339285714285715
2022-09-04,0.125946261682243,0.008775137111517367,51.285714285714285,59.357142857142854,42.07142857142857
2022-09-11,0.12050273224043716,0.0,64.28571428571429,75.07142857142857,53.92727272727273
2022-09-18,0.03310497237569061,0.0017467248908296944,66.57142857142857,74.92857142857143,57.625
2022-09-25,0.0883846153846154,0.0,65.85714285714286,75.33928571428571,56.5
2022-10-02,0.026411149825783974,0.0027982326951399117,45.142857142857146,53.375,37.517857142857146
2022-10-09,0.000721533258173619,0.0035046728971962616,62.142857142857146,72.69642857142857,50.892857142857146
2022-10-16,0.08039125431530494,0.00438095238095238,50.142857142857146,58.80357142857143,40.857142857142854
2022-10-23,0.0008351893095768374,0.0,51.0,61.464285714285715,40.839285714285715
2022-10-30,0.18796926454445664,0.0,54.57142857142857,63.517857142857146,44.464285714285715
2022-11-06,0.047410926365795726,0.21354723707664883,47.57142857142857,56.089285714285715,37.714285714285715
2022-11-13,0.037739726027397266,0.0011527377521613833,57.42857142857143,64.25,48.142857142857146
2022-11-20,0.04338308457711443,0.1975609756097561,29.571428571428573,33.82142857142857,23.446428571428573
2022-11-27,0.03657360406091371,0.0,41.857142857142854,51.25,30.178571428571427
2022-12-04,0.021533586818757923,0.0023026315789473686,35.285714285714285,43.763636363636365,24.381818181818183
2022-12-11,0.37473392461197336,0.0,63.857142857142854,70.94642857142857,56.30357142857143
2022-12-18,0.24490170380078638,0.16666666666666666,32.142857142857146,34.32142857142857,28.196428571428573
2022-12-25,0.023122362869198314,0.2236722306525038,14.142857142857142,21.696428571428573,4.392857142857143
2023-01-01,0.018585298196948683,0.010474631751227497,33.142857142857146,40.089285714285715,23.446428571428573
2023-01-08,0.24105633802816903,0.0,50.0,58.48888888888889,39.955555555555556
2023-01-15,0.009125,0.02730627306273063,30.333333333333332,35.5,25.333333333333332
2023-01-22,0.11428191489361701,0.08937007874015748,36.857142857142854,39.81818181818182,32.27272727272727
2023-01-29,0.09244956772334294,0.804642166344294,27.428571428571427,32.80357142857143,20.678571428571427
2023-02-05,0.02338562091503268,0.030622837370242212,30.571428571428573,36.72727272727273,21.563636363636363
2023-02-12,0.4226382978723404,0.0,74.5,83.53846153846153,64.92307692307692
2023-02-19,0.092,0.16332794830371566,38.142857142857146,45.142857142857146,28.785714285714285
2023-02-26,0.18051746442432082,0.07647999999999999,33.285714285714285,40.19642857142857,25.678571428571427
2023-03-05,0.2642641509433962,0.0,39.0,46.67272727272727,31.09090909090909
2023-03-12,0.8088135593220339,0.0,75.0,86.23076923076923,63.0
2023-03-19,0.06239895697522816,0.02188034188034188,31.857142857142858,39.767857142857146,22.714285714285715
2023-03-26,0.1524628712871287,0.004397705544933078,41.142857142857146,48.482142857142854,33.482142857142854
2023-04-02,0.06490372272143774,0.00018832391713747646,38.57142857142857,48.892857142857146,28.482142857142858
2023-04-09,0.09829145728643215,0.06965811965811966,58.2,70.16216216216216,46.21621621621622
2023-04-16,0.013252032520325203,0.0,67.5,78.875,50.90625
2023-04-23,0.08628434886499403,0.021063829787234045,46.714285714285715,56.839285714285715,38.232142857142854
2023-04-30,0.04335802469135802,0.0,46.42857142857143,54.98,35.98
2023-05-07,0.06656210790464241,0.025671140939597315,55.857142857142854,62.60377358490566,41.58490566037736
2023-05-14,0.22995708154506436,0.0,60.0,67.85714285714286,55.285714285714285
2023-05-21,0.012678132678132678,0.0,60.857142857142854,72.12244897959184,47.6530612244898
2023-05-28,0.0,0.0,63.857142857142854,74.46938775510205,49.44897959183673
2023-06-04,0.039575,0.0060162601626016264,52.857142857142854,62.84905660377358,40.24528301886792
2023-06-11,0.36422459893048126,0.0,70.66666666666667,80.52380952380952,60.57142857142857
2023-06-18,0.09367897727272728,0.0,64.83333333333333,75.4047619047619,53.76190476190476
2023-06-25,0.1316219512195122,0.0,75.71428571428571,86.3265306122449,62.734693877551024
2023-07-02,0.038943488943488945,0.0,63.0,69.05882352941177,52.19607843137255
2023-07-09,0.039288135593220336,0.0,59.2,66.21621621621621,48.432432432432435
2023-07-16,0.26308008213552364,0.0,74.75,82.92857142857143,65.0
2023-07-23,0.045055900621118014,0.0,74.0,82.53061224489795,62.06122448979592
2023-07-30,0.25571072319202,0.0,79.28571428571429,87.66666666666667,67.9375
2023-08-06,0.013625806451612904,0.0,48.42857142857143,55.94117647058823,39.0
2023-08-13,0.30706896551724133,0.0,69.0,76.85714285714286,61.857142857142854
2023-08-20,,,,,
2023-08-27,,,,,
2023-09-03,0.21113095238095236,0.0034090909090909094,36.333333333333336,42.5,29.958333333333332
2023-09-10,0.03805084745762712,0.0,62.75,72.72413793103448,48.62068965517241
2023-09-17,,,,,
2023-09-24,,,,,
2023-10-01,0.00045871559633027525,0.0,40.0,47.25,31.25
2023-10-08,0.11697976878612718,0.09316987740805605,57.5,64.5111111111111,44.022222222222226
2023-10-15,,,,,
2023-10-22,,,,,
2023-10-29,,,,,
2023-11-05,0.0058823529411764705,0.005378486055776893,49.0,58.205128205128204,37.58974358974359
2023-11-12,0.02412556053811659,0.0,69.0,78.71428571428571,59.642857142857146
2023-11-19,,,,,
2023-11-26,,,,,
2023-12-03,0.0686624203821656,0.19132075471698115,38.0,44.541666666666664,30.375
2023-12-10,0.3407276507276507,0.0,66.5,76.93103448275862,56.310344827586206
