DATE,PRCP,SNOW,TAVG,TMAX,TMIN,YEAR,WEEK,TOTAL PATIENTS,RATIO
26/09/2010,0.028179337,0,0.806894786,0.769854794,0.654558062,2010,40,0.295786998,0.679127123
03/10/2010,0.022789776,0.085517905,0.5437324,0.492292736,0.385408039,2010,41,0.321880771,0.720598781
10/10/2010,0.001142363,0,0.788633842,0.783925648,0.607571409,2010,42,0.318798411,0.704851286
17/10/2010,0.012765813,0.012574709,0.616178855,0.593872739,0.438124771,2010,43,0.340308502,0.729174295
24/10/2010,0.013595053,0,0.640754331,0.617388414,0.46530172,2010,44,0.330011825,0.718436911
31/10/2010,0.047173715,0,0.622511937,0.571186734,0.469544114,2010,45,0.32905523,0.706348187
07/11/2010,0.059020739,2.0776E-05,0.587934124,0.536432814,0.432722125,2010,46,0.310428209,0.698033319
14/11/2010,0.011581176,0.000139135,0.684168284,0.644951868,0.525184017,2010,47,0.227337346,0.660480728
21/11/2010,0.003964849,0,0.486653376,0.40786761,0.347604398,2010,48,0.312474258,0.719707866
28/11/2010,0.076248752,0,0.418551071,0.344259639,0.270970165,2010,49,0.297328178,0.674098342
05/12/2010,0.059628422,0.002475157,0.47265125,0.392254745,0.33400104,2010,50,0.274489484,0.687086334
12/12/2010,0.065836299,0.009191708,0.754615013,0.733097934,0.585474419,2010,51,0.219139862,0.63267442
19/12/2010,0.006415545,0.018544017,0.192245715,0.057831016,0.080064794,2010,52,0.240437376,0.712371986
02/01/2011,0.057515788,0.025629035,0.34198707,0.237936865,0.214381883,2011,2,0.290366296,0.717439131
09/01/2011,0.017332719,0,0.742834523,0.721682999,0.5725679,2011,3,0.320406021,0.750885109
16/01/2011,0.003867466,0.000666697,0.364038261,0.260447093,0.237569744,2011,4,0.333027755,0.761864614
23/01/2011,0.018346893,0.022301391,0.199908463,0.072410033,0.082383573,2011,5,0.26904221,0.697427175
30/01/2011,0.005252473,0.022163184,0.291960618,0.148627358,0.194257895,2011,6,0.329214662,0.742474442
06/02/2011,0.051263912,0.206104311,0.435327246,0.336086978,0.310098423,2011,7,0.343829301,0.769376218
13/02/2011,0.015424274,0.000161475,0.732122121,0.698486482,0.571717483,2011,8,0.312261682,0.71754319
20/02/2011,0.007550832,7.40122E-05,0.463660412,0.373102262,0.333018741,2011,9,0.340162355,0.749588427
27/02/2011,0.069692088,0.039495259,0.363692523,0.211521775,0.278461927,2011,10,0.332602601,0.73573678
06/03/2011,0.03047421,0.020499245,0.4479108,0.383760832,0.293748596,2011,11,0.278209574,0.686641821
13/03/2011,0.037895925,0,0.707435343,0.659768587,0.557239245,2011,12,0.299148365,0.732175077
20/03/2011,0.002060613,0,0.514770885,0.465885791,0.352271808,2011,13,0.285291031,0.7366077
27/03/2011,0.053703821,0.001763151,0.442858534,0.33884631,0.322204224,2011,14,0.297554041,0.738965475
03/04/2011,0.00352428,0,0.367623673,0.28005589,0.227793644,2011,15,0.293528372,0.73854007
10/04/2011,0.040904814,0,0.781508077,0.782592231,0.595032515,2011,16,0.266265428,0.717326564
17/04/2011,0.047170654,0,0.548243439,0.479196058,0.40518677,2011,17,0.230725285,0.653495489
24/04/2011,0.116819205,0.005324099,0.521476594,0.424165251,0.400573363,2011,18,0.244542761,0.679791204
01/05/2011,0.076176946,0,0.556215502,0.489142772,0.412033522,2011,19,0.252713673,0.697929043
08/05/2011,0.057107319,0.000590963,0.634593395,0.602880656,0.465803784,2011,20,0.207567726,0.708790669
15/05/2011,0.039206541,0,0.643374874,0.599736294,0.485322594,2011,21,0.18118166,0.656740535
22/05/2011,0.008395297,0,0.680608955,0.637013767,0.525097464,2011,22,0.179587336,0.672801798
29/05/2011,0.181697513,0,0.697326538,0.651306824,0.545031684,2011,23,0.185366761,0.664563999
05/06/2011,0.069749869,0.031124936,0.543725387,0.47189277,0.402721626,2011,24,0.14562823,0.615456185
12/06/2011,0.009013624,6.43745E-05,0.754355308,0.725080592,0.591785811,2011,25,0.155486468,0.616370095
19/06/2011,0.051257176,0,0.811098486,0.792548738,0.643347786,2011,26,0.175973534,0.680882031
26/06/2011,0.049314373,0,0.839109235,0.793984015,0.695869975,2011,27,0.097267063,0.57268062
03/07/2011,0.00593293,0.008397417,0.609186283,0.546476726,0.464965437,2011,28,0.166434161,0.636757657
10/07/2011,0.010776531,0,0.788872303,0.768729971,0.620935614,2011,29,0.162780501,0.636210989
17/07/2011,0.00169419,0,0.793294449,0.746254082,0.648510179,2011,30,0.172439449,0.677741238
24/07/2011,0.202728503,0,1,1,0.829571063,2011,31,0.107670028,0.583302669
31/07/2011,0.096537673,0,0.938561311,0.924055937,0.776199465,2011,32,0.187479241,0.711440756
07/08/2011,0.045153802,0.019729415,0.542775789,0.479910993,0.394089325,2011,33,0.200233834,0.713742616
14/08/2011,0.085164449,0,0.747089944,0.69843472,0.60047863,2011,34,0.207195717,0.709461071
21/08/2011,0.045943859,0,0.866287993,0.856486784,0.694927243,2011,35,0.208736897,0.698455463
28/08/2011,0.042298298,0,0.85418754,0.847491717,0.67935149,2011,36,0.193816679,0.698128748
04/09/2011,0.023991363,0.000876371,0.547759125,0.479196058,0.404257568,2011,37,0.208949473,0.68185403
11/09/2011,0.190641887,0,0.784564003,0.775840797,0.606630039,2011,38,0.14479121,0.585234955
18/09/2011,0.006723134,0.006329163,0.641816646,0.581550615,0.497779289,2011,39,0.215154052,0.699888677
25/09/2011,0.042281427,0,0.708166226,0.651505417,0.56565997,2011,40,0.412212523,0.830210925
02/10/2011,0.121713094,0,0.523319206,0.434777852,0.395094602,2011,41,0.413939708,0.841337499
09/10/2011,0.075944375,0.000454925,0.762390943,0.734461464,0.599235139,2011,42,0.379090438,0.782634836
16/10/2011,0.04037495,0,0.603207228,0.54087727,0.458250044,2011,43,0.377987697,0.777557306
23/10/2011,0.054955879,0,0.570355832,0.506363591,0.424536297,2011,44,0.392124038,0.79847057
30/10/2011,0.028771185,0,0.590920727,0.542986362,0.432885841,2011,45,0.371198533,0.759829269
06/11/2011,0.021494866,0.013357785,0.53837448,0.483461677,0.382629166,2011,46,0.387739647,0.798345871
13/11/2011,0.003422026,1.52533E-05,0.708615471,0.680973709,0.541492517,2011,47,0.283922569,0.742640534
20/11/2011,0.003055654,0,0.516682311,0.454127953,0.365925769,2011,48,0.370813238,0.79745813
27/11/2011,0.067629706,0,0.527286915,0.416706241,0.418056443,2011,49,0.339418337,0.728154524
04/12/2011,0.011814536,0.037896708,0.423149358,0.320551213,0.299929549,2011,50,0.261070589,0.668721362
11/12/2011,0.029231362,0,0.789725124,0.778781085,0.614034755,2011,51,0.293329082,0.737753208
18/12/2011,0.085695308,0.011677234,0.450360763,0.346486989,0.330108224,2011,52,0.276522247,0.767300509
01/01/2012,0.029250799,0.00098678,0.416891847,0.319930125,0.288451455,2012,1,0.308196155,0.762533438
08/01/2012,0.074967638,0,0.675877298,0.616144291,0.533745164,2012,2,0.363213626,0.818350289
15/01/2012,0.023057725,0.060666281,0.46664219,0.381045957,0.331992458,2012,3,0.325720435,0.758167655
22/01/2012,0.038189916,0.100952624,0.275620787,0.181384682,0.135085422,2012,4,0.383102821,0.829920162
29/01/2012,0.037738474,0.013805978,0.389965014,0.267159067,0.281611741,2012,5,0.38655719,0.862468333
05/02/2012,0.017164055,0.002704375,0.506077706,0.425505763,0.369890557,2012,6,0.318957843,0.728796442
12/02/2012,0.030442565,0,0.766716977,0.733207929,0.608599754,2012,7,0.390317138,0.831973237
19/02/2012,0.01400971,0.007094287,0.402850073,0.300890567,0.277682544,2012,8,0.38655719,0.816300303
26/02/2012,0.034014213,0.036869725,0.391210747,0.291186828,0.263593429,2012,9,0.386039034,0.81016247
04/03/2012,0.031240542,0.002426874,0.446145776,0.356357626,0.313637589,2012,10,0.387779505,0.808209322
11/03/2012,0.003215604,0,0.833594069,0.801808697,0.678642586,2012,11,0.362655613,0.801289558
18/03/2012,0.001931736,0,0.758255824,0.778335857,0.554036095,2012,12,0.386597048,0.853739448
25/03/2012,0.048773428,0,0.786398666,0.759601569,0.623943065,2012,13,0.357965642,0.840992263
01/04/2012,0.011955071,0,0.548084308,0.488823211,0.396704482,2012,14,0.349675156,0.812314198
08/04/2012,0.05095078,0.001306532,0.712712068,0.665208291,0.562742839,2012,15,0.339165903,0.803223526
15/04/2012,0.062411831,0,0.7020327,0.670932424,0.537391578,2012,16,0.350312886,0.839415668
22/04/2012,0.02876972,0,0.607622206,0.554956505,0.45476217,2012,17,0.348904566,0.822017867
29/04/2012,0.017418992,0,0.579920382,0.519953963,0.431343584,2012,18,0.3266106,0.797965022
06/05/2012,0.013393028,0.002098638,0.540135928,0.460528435,0.405487394,2012,19,0.294564683,0.758747802
13/05/2012,0.058113077,0,0.72453121,0.694416703,0.560610338,2012,20,0.283085549,0.83180643
20/05/2012,0.002645538,0,0.786187672,0.816800475,0.574955433,2012,21,0.224068981,0.725650899
27/05/2012,0.015296787,0,0.823164661,0.828579729,0.635894374,2012,22,0.222368369,0.743498241
03/06/2012,0.004651185,0,0.66664598,0.625752658,0.507872986,2012,23,0.23566769,0.74552025
10/06/2012,0.011987724,0,0.762423735,0.736159435,0.597855855,2012,24,0.220202745,0.738446628
17/06/2012,0.044718443,0,0.741517514,0.724775053,0.567414807,2012,25,0.221664209,0.722861231
24/06/2012,0.003347894,0,0.938172578,0.938448044,0.763229475,2012,26,0.215233768,0.747127467
01/07/2012,0.035454751,0,0.842595358,0.846419276,0.65802169,2012,27,0.16513213,0.692332641
08/07/2012,0.067911839,0,0.716694205,0.690762458,0.548678098,2012,28,0.218249698,0.720502004
15/07/2012,0.039217334,0,0.745997419,0.701584647,0.595707075,2012,29,0.213254149,0.718479465
22/07/2012,0.09677566,0,0.961212087,0.96222072,0.787241237,2012,30,0.238258467,0.789264857
29/07/2012,0.042221037,0,0.953786104,0.949878411,0.78347693,2012,31,0.183692721,0.71558668
05/08/2012,0.034166514,0.001032866,0.651614358,0.611585733,0.491066308,2012,32,0.166195012,0.674955447
12/08/2012,0.022134972,0,0.713051455,0.667642325,0.561326598,2012,33,0.26384737,0.819879632
19/08/2012,0.044017203,0,0.820889154,0.799881183,0.655904176,2012,34,0.285609895,0.837425109
26/08/2012,0.020368768,0,0.878914583,0.893258542,0.687919858,2012,35,0.293687805,0.83445413
02/09/2012,0.102491965,0,0.748121066,0.724839922,0.580029247,2012,36,0.190388882,0.692449504
09/09/2012,0.016565093,0,0.731120403,0.699515349,0.568921708,2012,37,0.320804602,0.856582497
16/09/2012,0.014030651,0,0.667132435,0.633910825,0.501877022,2012,38,0.264963397,0.774118102
23/09/2012,0.023936621,0,0.685777817,0.661307301,0.514380306,2012,39,0.290326438,0.818731752
30/09/2012,3.11388E-05,0,0.704743484,0.696866253,0.520565154,2012,40,0.356916046,0.758453446
07/10/2012,0.003610024,0.000881715,0.597855504,0.563052649,0.429147239,2012,41,0.348572416,0.755605865
14/10/2012,0.089285044,0,0.643986262,0.595541244,0.490058733,2012,42,0.385414591,0.79079371
21/10/2012,0.066751692,0,0.621213414,0.570935319,0.467266319,2012,43,0.362748615,0.757989142
28/10/2012,0.051651546,0,0.651458695,0.595136332,0.50473922,2012,44,0.360024978,0.75710986
04/11/2012,0.005153362,0.011576225,0.47161581,0.401544213,0.324124289,2012,45,0.376964672,0.767146668
11/11/2012,0.011326307,0,0.773387946,0.781034377,0.580776466,2012,46,0.360928428,0.763557981
18/11/2012,0.000208271,0.000259491,0.446189,0.377113049,0.296091561,2012,47,0.25922383,0.706778811
25/11/2012,0.007089343,0,0.506679561,0.430655113,0.366671589,2012,48,0.392522619,0.826390932
02/12/2012,0.000740814,0.002571551,0.386696161,0.299096496,0.248213563,2012,49,0.402806011,0.809562999
09/12/2012,0.016081096,0,0.769716502,0.762411623,0.589549994,2012,50,0.397730745,0.855753146
16/12/2012,0.03667595,0,0.486904123,0.409931185,0.346332749,2012,51,0.366601565,0.841533567
23/12/2012,0.072770895,0.004063957,0.396944884,0.280998061,0.283248907,2012,52,0.244223896,0.71813584
06/01/2013,0.005291005,0.00252293,0.716784709,0.362442524,0.32034311,2013,2,0.386012462,0.849932187
13/01/2013,0.076565047,0,0.722757914,0.611198951,0.515844091,2013,3,0.383966413,0.837984359
20/01/2013,0.000327839,0.000107261,0.307193447,0.215630185,0.166573573,2013,4,0.334834655,0.76432032
27/01/2013,0.004927457,0.014394299,0.185927885,0.046865601,0.077257095,2013,5,0.368714045,0.837408946
03/02/2013,0.129065741,0.039587865,0.35045919,0.266237475,0.206598861,2013,6,0.359427106,0.782764303
10/02/2013,0.056985774,0,0.72531786,0.687459582,0.562767644,2013,7,0.329134946,0.749589907
17/02/2013,0.005131523,0.000262315,0.477856472,0.244312,0.241158403,2013,8,0.325693863,0.735397883
24/02/2013,0.029091115,0.041680558,0.301030615,0.195284201,0.172030792,2013,9,0.336043684,0.744150271
03/03/2013,0.037842715,0.061143127,0.326006379,0.196666256,0.21877528,2013,10,0.330901989,0.733503097
10/03/2013,0.030238582,0,0.691185255,0.636862331,0.535663459,2013,11,0.24183241,0.637254548
17/03/2013,0.012189579,0.002729067,0.49577609,0.288037679,0.293655586,2013,12,0.295268843,0.726782066
24/03/2013,0.003509835,0.001641827,0.327161021,0.221476979,0.199917179,2013,13,0.289994287,0.743363118
31/03/2013,0.002042695,0.007005527,0.464715419,0.391098236,0.319757699,2013,14,0.306455684,0.751492532
07/04/2013,0.014462998,0.025380015,0.666012458,0.439834694,0.343597349,2013,15,0.295003122,0.740630278
14/04/2013,0.029585954,3.72924E-05,0.663879171,0.608190556,0.522020412,2013,16,0.299241367,0.765228106
21/04/2013,0.285207661,0.001402194,0.547828313,0.479153514,0.407318772,2013,17,0.32386039,0.786305143
28/04/2013,0.041277025,0,0.604147112,0.544897542,0.435778167,2013,18,0.319316566,0.787461958
05/05/2013,0.002669039,0.007625946,0.692891885,0.459561134,0.368308754,2013,19,0.319130562,0.794447448
12/05/2013,0.0033688,0,0.733851011,0.685815171,0.576905251,2013,20,0.227231057,0.740821515
19/05/2013,0.002488069,0,0.781636658,0.782961891,0.573500174,2013,21,0.263581649,0.789138949
26/05/2013,0.134999586,0,0.730437751,0.688292501,0.563349151,2013,22,0.217107099,0.734803896
02/06/2013,0.107063226,0.010814862,0.812356003,0.618874465,0.526917239,2013,23,0.265760559,0.793952872
09/06/2013,0.037093313,0.123469799,0.75859715,0.654055666,0.556579998,2013,24,0.175096656,0.664056364
16/06/2013,0.137946518,0,0.692891885,0.64109117,0.536099501,2013,25,0.230672141,0.737356511
23/06/2013,0.024936271,0,0.849901869,0.8448351,0.678788112,2013,26,0.239241633,0.787636944
30/06/2013,0.096858672,0,0.868674802,0.8583277,0.726429631,2013,27,0.191093042,0.73810399
07/07/2013,0.017647596,0.000665454,0.743664135,0.510203792,0.429813008,2013,28,0.250561335,0.772724119
14/07/2013,0.015189873,0,0.703131667,0.658699397,0.540410652,2013,29,0.246827959,0.773202402
21/07/2013,0.025323826,0,0.977899138,0.98285995,0.814169113,2013,30,0.26294392,0.831091843
28/07/2013,0.021233264,0,0.812356003,0.775251834,0.666272891,2013,31,0.236956435,0.808268714
04/08/2013,0.058422684,0.018356789,0.743664135,0.514164,0.439025212,2013,32,0.244795196,0.809691458
11/08/2013,0.005061893,0,0.762863726,0.733489024,0.591508996,2013,33,0.24870129,0.794608913
18/08/2013,0.011117213,0.001020553,0.72702449,0.670172188,0.550582699,2013,34,0.284586871,0.835755635
25/08/2013,0.027543905,0,0.897687516,0.886686254,0.706727366,2013,35,0.265561269,0.789426107
01/09/2013,0.024058644,0,0.945757602,0.863285026,0.708697081,2013,36,0.262651627,0.812175888
08/09/2013,0.059524351,0,0.781295332,0.618099185,0.503488607,2013,37,0.315503474,0.848301626
15/09/2013,0.014176536,0.032328818,0.663879171,0.604491591,0.493808246,2013,38,0.299719665,0.828746992
22/09/2013,0.0828582,0,0.766276986,0.723423116,0.611518797,2013,39,0.291017312,0.819823983
29/09/2013,0.018749216,0,0.754330574,0.746124951,0.564768625,2013,40,0.581038171,1.049293645
06/10/2013,0.089810246,0.000942796,0.651079444,0.512487155,0.431928729,2013,41,0.583456229,1.063664719
13/10/2013,0.007202811,0.000118595,0.699718406,0.649722466,0.509039622,2013,42,0.549284547,1.002204531
20/10/2013,0.019889639,0,0.600733851,0.519534938,0.467630133,2013,43,0.566848685,1.020069475
27/10/2013,0.006795976,0,0.494922775,0.418019186,0.337566423,2013,44,0.543079969,0.992982322
03/11/2013,0.178068566,0,0.612253605,0.485492225,0.41091201,2013,45,0.565320791,1.006176082
10/11/2013,0.0630943,0,0.771396877,0.7367919,0.610927599,2013,46,0.551915182,1.011365671
17/11/2013,0.023145683,0.013618781,0.469323321,0.371226769,0.294272489,2013,47,0.52615356,1.094351634
24/11/2013,0.054554746,0,0.404471371,0.303653338,0.279045088,2013,48,0.3473501,0.76618804
01/12/2013,0.001579459,0.004205202,0.328526325,0.24818376,0.219144779,2013,49,0.537499834,0.982549608
08/12/2013,0.018449621,0.001308692,0.735898967,0.559399888,0.485350702,2013,50,0.411176213,0.874154484
15/12/2013,0.02744674,0.066810253,0.409591262,0.316533087,0.252618562,2013,51,0.4929119,1.020434721
22/12/2013,0.039791024,0.015796018,0.3327929,0.185572137,0.216900364,2013,52,0.338275738,0.8613019
05/01/2014,0.02911011,0.174000103,0.298660295,0.18928749,0.170915621,2014,2,0.433470179,0.915672595
12/01/2014,0.129067347,0,0.708251557,0.682731148,0.568443152,2014,3,0.531760267,1.040511963
19/01/2014,0.009091499,0.041113568,0.286713883,0.172170013,0.162142637,2014,4,0.49867804,0.986995039
26/01/2014,0.022357322,0.100115958,0.162129875,0.072219343,0,2014,5,0.484674559,1.000266971
02/02/2014,0.026297178,0.183007223,0.160423244,0.02124329,0.012134286,2014,6,0.483372527,0.948051948
09/02/2014,0.037114991,0.274116422,0.663879171,0.605630577,0.522602515,2014,7,0.526100416,1.01480877
16/02/2014,0.004448399,0.843779474,0.349859203,0.249319783,0.207289169,2014,8,0.529860364,1.00678568
23/02/2014,0.08086418,1,0.365218875,0.269460911,0.243865444,2014,9,0.544076421,1.018829784
02/03/2014,0.004040225,0.529989214,0.13482379,0.043215429,0.001504573,2014,10,0.514714284,0.974932815
09/03/2014,0.047971161,0.252971339,0.65875928,0.607365339,0.511306073,2014,11,0.510064172,1.001418042
16/03/2014,0.107274306,0.233987224,0.455670279,0.374714365,0.2930719,2014,12,0.511791356,1.027774857
23/03/2014,0.019608269,0.057661986,0.433484086,0.340248174,0.27688057,2014,13,0.507127958,1.055238238
30/03/2014,0.013578362,0.017294383,0.402764741,0.308569896,0.243465783,2014,14,0.556033853,1.102717552
06/04/2014,0.035251172,0.291181861,0.457376909,0.369124573,0.298474547,2014,15,0.576334914,1.139370359
13/04/2014,0.017287857,0,0.692891885,0.658637219,0.532491945,2014,16,0.519616831,1.085350139
20/04/2014,0.037383823,0.037746286,0.544415052,0.517350422,0.368545234,2014,17,0.552327049,1.112096128
27/04/2014,0.027967082,0,0.626333305,0.601197294,0.456461026,2014,18,0.51331925,1.066816675
04/05/2014,0.09219306,0.534957264,0.438603976,0.329996033,0.302731177,2014,19,0.476344215,1.022913597
11/05/2014,0.089173956,0,0.72361123,0.683429523,0.568865493,2014,20,0.43001581,1.07115043
18/05/2014,0.072771807,0,0.588787439,0.510025868,0.457279609,2014,21,0.381322492,0.978322235
25/05/2014,0.048153626,0,0.779930028,0.763108494,0.575810397,2014,22,0.416663345,1.064574259
01/06/2014,0.052398428,0.142089,0.689478624,0.696726578,0.522692678,2014,23,0.452349635,1.094256511
08/06/2014,0.00599051,0.605066776,0.566601246,0.525624766,0.410748515,2014,24,0.403231164,1.040302382
15/06/2014,0.037037037,0,0.691185255,0.655360445,0.532098076,2014,25,0.397624457,1.00601092
22/06/2014,0.154815081,0,0.882327844,0.882298714,0.708093376,2014,26,0.337478576,0.953396253
29/06/2014,0.056376728,0,0.866968171,0.868736277,0.710549125,2014,27,0.299121793,0.928568082
06/07/2014,0.023647937,0.364043183,0.474443212,0.421637999,0.312457867,2014,28,0.351814208,0.936369162
13/07/2014,0.104496104,0,0.715078078,0.664034259,0.570244034,2014,29,0.336614984,0.919548903
20/07/2014,0.012370996,0,0.812356003,0.786431417,0.63753154,2014,30,0.350379316,0.979242214
27/07/2014,0.010834021,0,0.870381432,0.850226471,0.693415087,2014,31,0.343271288,0.993262886
03/08/2014,0.004635765,0.365242476,0.549534943,0.505569908,0.396464839,2014,32,0.326305021,0.949415161
10/08/2014,0.03629272,0,0.776516768,0.762337488,0.603151062,2014,33,0.357965642,0.976912761
17/08/2014,0.004698256,0,0.713371448,0.651505417,0.559275025,2014,34,0.320738172,0.894750916
24/08/2014,0.201310446,0,0.902807407,0.8785666,0.757208344,2014,35,0.337917015,0.905261068
31/08/2014,0.045254819,0,0.902807407,0.882999883,0.758518076,2014,36,0.406951254,1.051254441
07/09/2014,0.056075451,0.384733873,0.522228859,0.465500288,0.346443499,2014,37,0.468146731,1.086745071
14/09/2014,0.016516226,0,0.638279717,0.576661992,0.498775824,2014,38,0.483757822,1.118012811
21/09/2014,0.017589444,0,0.732144381,0.698682027,0.55092548,2014,39,0.438279724,1.052637106
28/09/2014,0.000399065,0,0.752623944,0.753278171,0.568770585,2014,40,0.540077325,0.996139319
05/10/2014,0.021865735,0.377938714,0.544415052,0.491013314,0.355440791,2014,41,0.518341371,0.978264162
12/10/2014,0.070243082,0,0.692891885,0.641675094,0.548633448,2014,42,0.524399803,0.970100391
19/10/2014,0.101611129,0,0.638279717,0.550503668,0.518018452,2014,43,0.520480423,0.960529027
26/10/2014,0.000704232,0,0.633159826,0.587319191,0.4700495,2014,44,0.516893194,0.959239789
02/11/2014,0.050647764,0.309290243,0.500042666,0.428126649,0.342456519,2014,45,0.525954269,0.956218816
09/11/2014,0.165207711,0.085223933,0.720197969,0.693525228,0.562549356,2014,46,0.515710736,0.964389952
16/11/2014,0.001158653,0.005563432,0.385698438,0.275254627,0.279647143,2014,47,0.489470817,1.041089548
23/11/2014,0.007697229,0.00119537,0.310606707,0.203551096,0.188293303,2014,48,0.405184211,0.843265448
30/11/2014,0.067232084,0.031114203,0.372045396,0.276696073,0.241337468,2014,49,0.565294219,1.018245799
07/12/2014,0.107211737,0.328216516,0.59561396,0.553394939,0.425027447,2014,50,0.580493443,1.105880428
14/12/2014,0.030102017,6.02505E-05,0.52905538,0.437165828,0.419788517,2014,51,0.565985093,1.123932812
21/12/2014,0.008083814,0,0.39593822,0.244235615,0.317572439,2014,52,0.320499023,0.834242119
28/12/2014,0.031548816,0,0.455670279,0.348656606,0.348631131,2014,53,0.397372022,0.881971855
04/01/2015,0.029263706,0.257435794,0.296953665,0.194958293,0.170251264,2015,2,0.415720037,0.891084357
11/01/2015,0.033672843,0,0.72361123,0.673847821,0.570526386,2015,3,0.467628576,0.952629839
18/01/2015,0.024568632,0.343451028,0.325966379,0.200467073,0.196806564,2015,4,0.441720807,0.909586141
25/01/2015,0.001732067,0.045900331,0.377165287,0.244845255,0.292991229,2015,5,0.354869996,0.817965997
01/02/2015,0.007187791,0.059814584,0.322553119,0.195070033,0.20270036,2015,6,0.493562916,0.96164136
08/02/2015,0.046498158,0.697782266,0.599027221,0.565731031,0.429184424,2015,7,0.461742862,0.928149736
15/02/2015,0.006644409,0.35807268,0.447137128,0.385635028,0.314374601,2015,8,0.478828703,0.938951976
22/02/2015,0.000766402,0.562441573,0.136530421,0,0.010497121,2015,9,0.465090943,0.914539983
01/03/2015,0.024398483,0.586870256,0.163836505,0.06650483,0.028997092,2015,10,0.523615927,0.986624749
08/03/2015,0.054526118,0.553987041,0.614386893,0.579609134,0.448766348,2015,11,0.512761237,1.005079699
15/03/2015,0.003877661,0.01350616,0.626333305,0.588112873,0.458911959,2015,12,0.477008516,0.979422453
22/03/2015,8.92655E-05,0.00026339,0.508575817,0.447829517,0.356276122,2015,13,0.487225477,1.026651752
29/03/2015,0.037387136,0.116502204,0.377165287,0.270847237,0.273864096,2015,14,0.508230699,1.035445386
05/04/2015,0.049927549,0.413794542,0.467616691,0.418857235,0.29155993,2015,15,0.52230061,1.062785901
12/04/2015,0.001806658,0,0.735557641,0.710538376,0.585647836,2015,16,0.432540157,0.958860731
19/04/2015,0.0222811,0,0.680945473,0.655271053,0.498111467,2015,17,0.483266239,1.013616159
26/04/2015,0.065734689,0,0.52564212,0.466961288,0.39539475,2015,18,0.485578009,1.026870596
03/05/2015,0.005660871,0.464821656,0.356685724,0.29879265,0.229713592,2015,19,0.434134481,0.961573535
10/05/2015,0.053006181,0,0.762863726,0.737986558,0.610319863,2015,20,0.433363891,1.076604331
17/05/2015,0.015262393,0,0.689478624,0.644951868,0.550598047,2015,21,0.353594537,0.933769593
24/05/2015,0.006226507,0,0.691185255,0.669045797,0.524075964,2015,22,0.305578806,0.881005018
31/05/2015,0.086201079,0,0.786756549,0.769469291,0.638456894,2015,23,0.318745267,0.879228499
07/06/2015,0.018103513,0.482950204,0.45908354,0.422572589,0.328571515,2015,24,0.310494639,0.887358627
14/06/2015,0.107313864,0,0.757743835,0.740873034,0.60618104,2015,25,0.357500631,0.941444923
21/06/2015,0.167659057,0,0.810649373,0.782961891,0.655704078,2015,26,0.307119986,0.902170933
28/06/2015,0.055123455,0,0.827715675,0.80300804,0.676659797,2015,27,0.325042847,0.974269158
05/07/2015,0.037689364,0.458338035,0.523935489,0.475137859,0.378859377,2015,28,0.336747844,0.912018883
12/07/2015,0.053286348,0,0.72873112,0.699029982,0.578830849,2015,29,0.323382093,0.897980227
19/07/2015,0.104028892,0,0.885741104,0.883385386,0.729212812,2015,30,0.31166381,0.913642733
26/07/2015,0.000404736,0,0.899394146,0.890902691,0.722500433,2015,31,0.292106767,0.904233574
02/08/2015,0.005317973,0.32474308,0.72702449,0.699228403,0.56677228,2015,32,0.326544169,0.949825108
09/08/2015,0.054939841,0.151881887,0.742384162,0.697508758,0.607388432,2015,33,0.338461743,0.944371169
16/08/2015,0.030412198,0,0.769690247,0.758096957,0.604460795,2015,34,0.337491862,0.92209125
23/08/2015,0.10261209,0,0.85672839,0.845027851,0.695650918,2015,35,0.330064969,0.892690657
30/08/2015,0.039043393,0,0.774810137,0.729762497,0.634748358,2015,36,0.31551676,0.899763915
06/09/2015,0.097220646,0.338088264,0.551241574,0.520540598,0.404071727,2015,37,0.354511273,0.909235559
13/09/2015,0.071885141,0,0.703131667,0.664549222,0.556577367,2015,38,0.340600795,0.893002762
20/09/2015,0.159130605,0,0.815769264,0.809076601,0.64299756,2015,39,0.334874513,0.889159613
27/09/2015,1.57002E-05,0,0.786756549,0.764329253,0.629345712,2015,40,0.448084818,0.876761908
04/10/2015,0.05240032,0.298987214,0.535881901,0.470971463,0.407068999,2015,41,0.458434639,0.899694256
11/10/2015,0.014531435,0,0.742384162,0.71823652,0.584810062,2015,42,0.439980337,0.861189708
18/10/2015,0,0,0.5922007,0.568044048,0.439434504,2015,43,0.40254029,0.809084741
25/10/2015,0.022336529,0,0.699718406,0.664998017,0.529478611,2015,44,0.452655214,0.876467009
01/11/2015,0.047154298,0.135337746,0.535881901,0.455619682,0.397129196,2015,45,0.443939575,0.852139775
08/11/2015,0.03119945,0.190406271,0.663879171,0.634157788,0.506067143,2015,46,0.458142347,0.88969425
15/11/2015,0.02464452,0,0.600733851,0.558476314,0.433834923,2015,47,0.310866648,0.781762414
22/11/2015,0.089847122,0.250174226,0.500042666,0.412686396,0.377385928,2015,48,0.460135252,0.916500496
29/11/2015,0.069531001,0.186167255,0.448843758,0.365683393,0.337569098,2015,49,0.460387687,0.883514859
06/12/2015,0.039740767,0.260599086,0.494922775,0.436456279,0.367067039,2015,50,0.390396854,0.845716052
13/12/2015,0.061394157,0,0.721904599,0.669154743,0.577895375,2015,51,0.291973906,0.735833789
20/12/2015,0.067755427,0.000285935,0.438603976,0.344066888,0.330399276,2015,52,0.310800218,0.819478562
03/01/2016,0.127050434,0.075223821,0.019845462,0.237382081,0.334737765,2016,2,0.351694634,0.802393701
10/01/2016,0.06975089,0.028726174,0,0.572862834,0.774889732,2016,3,0.414457863,0.879767967
17/01/2016,0.004097659,0.069742736,0.010476084,0.182281717,0.266058668,2016,4,0.449293847,0.919878437
24/01/2016,0.003504799,0.05654886,0.208208892,0.07190187,0.108563339,2016,5,0.449028127,0.950204175
31/01/2016,0.004257855,0.007008105,0.041723289,0.280315031,0.31282021,2016,6,0.450529448,0.904254
07/02/2016,0.00066726,0.022250397,0.002825715,0.24325789,0.549124598,2016,7,0.459152085,0.924661191
14/02/2016,0.029655991,0.010453337,0.000224874,0.374328862,0.592345769,2016,8,0.452176917,0.903525157
06/03/2016,0.001414912,0.02779351,0.003201026,0.238198165,0.560062762,2016,11,0.427836901,0.889782604
13/03/2016,0.051601423,0.013806025,6.03354E-05,0.542022605,0.72930772,2016,12,0.408665152,0.884416813
03/04/2016,0,0.020691527,0.001249235,0.224705565,0.524894547,2016,15,0.43129127,0.933795603
10/04/2016,0.051008304,0.005986726,0,0.607558091,0.815818872,2016,16,0.435795236,0.963589127
01/05/2016,0.000245429,0.023994839,0.00091087,0.275302815,0.581940138,2016,19,0.394781245,0.904384594
08/05/2016,0.053380783,0.005817995,0.000933777,0.449501919,0.668637686,2016,20,0.371264963,0.975447458
15/05/2016,0.057651246,0.015587936,0.011459196,0.472632091,0.699411653,2016,21,0.316446783,0.874081433
22/05/2016,0.052872395,0.000319939,0,0.520819948,0.749677382,2016,22,0.266451433,0.816346315
29/05/2016,0.059481444,0.020328693,0,0.715498891,0.939908905,2016,23,0.296172293,0.842898687
05/06/2016,0.001799352,0.010890944,0.000846454,0.315780615,0.630000578,2016,24,0.250800484,0.788909302
12/06/2016,0.060498221,0.019328624,0,0.632615777,0.842504671,2016,25,0.237461304,0.74828142
19/06/2016,0.072699542,0.011332658,0,0.740556577,0.945888118,2016,26,0.178670599,0.685432902
26/06/2016,0.075749873,0.014776382,0,0.765614262,0.950870796,2016,27,0.213041572,0.776801159
03/07/2016,0.003400554,0.008203224,0.00097966,0.399266078,0.724301316,2016,28,0.277970425,0.817022732
10/07/2016,0.057532622,0.015990667,3.32769E-06,0.646108377,0.838926633,2016,29,0.267873039,0.807504394
17/07/2016,0.076156584,0.009272343,0,0.597920519,0.822531251,2016,30,0.27007852,0.843180697
24/07/2016,0.062531774,0.052027204,0,0.823439691,1,2016,31,0.2615356,0.851037924
31/07/2016,0.055414337,0.027023864,0,0.769469291,0.950230166,2016,32,0.282461105,0.874258157
07/08/2016,0.012885017,0.008491889,0.00146662,0.380713753,0.638290805,2016,33,0.291681613,0.866320118
14/08/2016,0.06975089,0.03158914,4.95017E-05,0.584427919,0.79690605,2016,34,0.285756042,0.837663605
21/08/2016,0.056431113,0.0332977,0,0.74633912,0.932434888,2016,35,0.303466327,0.850108653
28/08/2016,0.052872395,0.02524778,0,0.730919005,0.920310372,2016,36,0.282474391,0.845018646
04/09/2016,0.070810417,0.013626782,0.004814766,0.38830334,0.651079678,2016,37,0.302735595,0.82835697
11/09/2016,0.052194543,0.001335877,0,0.605630577,0.810027102,2016,38,0.333718628,0.882185573
18/09/2016,0.050415184,0.00159462,0,0.605630577,0.810252509,2016,39,0.305073937,0.842046672
25/09/2016,0.045077106,0.004660872,0,0.707788834,0.901770065,2016,40,0.428859925,0.851814029
02/10/2016,0.111506524,0.025635639,0.001415111,0.26686994,0.588630115,2016,41,0.396136421,0.817987827
09/10/2016,0.046263345,0.018318812,0,0.582500405,0.790594658,2016,42,0.4361141,0.856201825
16/10/2016,0.021352313,0.010859233,0.000238928,0.418661691,0.665199638,2016,43,0.413487983,0.823142429
23/10/2016,0.024911032,0.001740206,0,0.536240062,0.75737206,2016,44,0.415334742,0.828378336
30/10/2016,0.033553635,0.020548669,0,0.447574405,0.655397999,2016,45,0.391473023,0.785558188
06/11/2016,0.003356519,0.02029765,0.00016014,0.173265028,0.537337006,2016,46,0.411162927,0.828737868
13/11/2016,0.052491103,0.002705872,0.005897804,0.532385034,0.747577539,2016,47,0.287190934,0.747386087
27/11/2016,0,0.005665689,0,0.237475347,0.471686666,2016,49,0.400414524,0.806491625
04/12/2016,0.037052543,0.04497872,0.0004691,0.130257365,0.443363701,2016,50,0.370029362,0.817841298
11/12/2016,0.059905101,0.009695207,0,0.638398319,0.852818814,2016,51,0.337106567,0.799757974
08/01/2017,0.051008304,0.039346158,1.84738E-05,0.503472319,0.705965061,2017,2,0.393107205,0.85976012
15/01/2017,0.065836299,0.000634705,1.01241E-05,0.279880662,0.518208268,2017,3,0.408306429,0.87133842
12/02/2017,0.058362989,0.005657782,0,0.595993005,0.811234808,2017,7,0.450848313,0.913479958
05/03/2017,0,0.004650091,0,0.272170605,0.497717599,2017,10,0.418045093,0.847961899
12/03/2017,0.077580071,0.005694858,5.71599E-06,0.609485605,0.827115314,2017,11,0.376539519,0.820138974
09/04/2017,0.045551601,0.014532237,0.000315508,0.551660176,0.754588879,2017,15,0.404333905,0.895588112
16/04/2017,0.021352313,0.012759009,0,0.542022605,0.741818987,2017,16,0.412611104,0.92991137
07/05/2017,0.046263345,0.004377481,9.53805E-06,0.366618805,0.5966024,2017,19,0.396255995,0.906527732
14/05/2017,0.053380783,0.007790164,0,0.534312548,0.764903022,2017,20,0.380631618,0.990705394
21/05/2017,0.059481444,0.013157445,0,0.607558091,0.822694967,2017,21,0.300503541,0.848464197
28/05/2017,0.040162684,0.017349595,0,0.563225262,0.771615401,2017,22,0.255955465,0.799001535
04/06/2017,0.321470937,0.017656929,0,0.383966433,0.624597931,2017,23,0.289741852,0.832549288
11/06/2017,0.052194543,0.006983066,0,0.574790348,0.77734548,2017,24,0.2727623,0.825129363
18/06/2017,0.070462633,0.02027921,0,0.694296234,0.897186001,2017,25,0.271473554,0.803012861
25/06/2017,0.082443654,0.014040296,0,0.696223748,0.895057686,2017,26,0.235189392,0.780799429
02/07/2017,0.04341637,0.021344103,0,0.503472319,0.72930772,2017,27,0.219870594,0.788841319
09/07/2017,0.066903915,0.003489089,0,0.561297748,0.76359329,2017,28,0.239401066,0.754686875
16/07/2017,0.294661922,0.014678205,9.38647E-05,0.563225262,0.748531366,2017,29,0.219060146,0.72794283
23/07/2017,0.124046772,0.049201084,0,0.77332432,0.958088561,2017,30,0.241327541,0.794465091
30/07/2017,0.063040163,0.008513321,0,0.734774034,0.903535356,2017,31,0.24253657,0.817978481
06/08/2017,0.056939502,0.003035342,0.00018966,0.374328862,0.621882163,2017,32,0.234099938,0.791357704
13/08/2017,0.039857651,0.007476284,0,0.513109891,0.743292436,2017,33,0.263169782,0.818749099
20/08/2017,0.052364006,0.004040579,0,0.750194148,0.937749745,2017,34,0.258506384,0.793194909
27/08/2017,0.049313676,0.007591566,0,0.688513691,0.885597716,2017,35,0.278276004,0.809781241
03/09/2017,0.042704626,0.007639702,0.000715587,0.432154291,0.659051962,2017,36,0.247452403,0.786993504
10/09/2017,0.074733096,0.006869018,0,0.632615777,0.85396483,2017,37,0.297939336,0.820864753
17/09/2017,0.044128114,0.001449059,0.001103621,0.572862834,0.790926837,2017,38,0.299002219,0.827619331
24/09/2017,0.04778851,0.006827904,0,0.792599463,0.989194707,2017,39,0.305645236,0.842949862
01/10/2017,0.046263345,0.000441324,0.000161711,0.619123177,0.834973709,2017,40,0.413687273,0.832124688
08/10/2017,0.048932384,0.008443033,0,0.532385034,0.751478264,2017,41,0.381561641,0.79887246
15/10/2017,0.036298932,0.06792467,4.4054E-05,0.434081805,0.662089023,2017,42,0.414311717,0.828074279
22/10/2017,0.0350788,0.000432894,0,0.559370234,0.791588821,2017,43,0.397186018,0.80220944
29/10/2017,0.017200474,0.032238372,3.58751E-06,0.349271176,0.567624569,2017,44,0.387048773,0.791930922
05/11/2017,0.075919336,0.023308764,1.38912E-05,0.287590719,0.543721952,2017,45,0.395007108,0.790043046
12/11/2017,0.070284698,0.026785042,0.000275686,0.534312548,0.741982704,2017,46,0.399139065,0.813136758
10/12/2017,0.043890866,0.008714145,0,0.626833234,0.811648915,2017,50,0.391406593,0.847097971
07/01/2018,0.067615658,0.008930306,0,0.370473833,0.633438626,2018,2,0.403576601,0.874262763
14/01/2018,0.046263345,0.008590049,0.000325567,0.368546319,0.595292667,2018,3,0.374838907,0.825476587
11/02/2018,0.056939502,0.022155874,0,0.663456005,0.865588705,2018,7,0.421592464,0.874086235
11/03/2018,0.033807829,0.025324794,0,0.659600977,0.867880737,2018,11,0.375423492,0.818623805
08/04/2018,0.044483986,0.004357777,0.002015812,0.501544805,0.728885379,2018,15,0.370388085,0.847475672
15/04/2018,0.021352313,0.0312958,0.000185375,0.401314062,0.63654924,2018,16,0.342261549,0.827720126
06/05/2018,0.074733096,0.000956041,0.001931301,0.27024309,0.540649858,2018,19,0.345025044,0.832077848
13/05/2018,0.064768683,0.031101577,0.000117681,0.580572891,0.772761417,2018,20,0.34034836,0.925085446
20/05/2018,0.068801898,0.018940279,0,0.551660176,0.794082533,2018,21,0.28348413,0.821117798
27/05/2018,0.05744789,0.019777157,0,0.682731148,0.879230147,2018,22,0.238271753,0.769778875
03/06/2018,0.232206406,0.01439311,0.00450606,0.445646891,0.675812323,2018,23,0.236478138,0.746824616
10/06/2018,0.079715302,0.027429237,0.000196379,0.597920519,0.808942776,2018,24,0.231867884,0.757685112
17/06/2018,0.060498221,0.015415461,0,0.646108377,0.822203817,2018,25,0.263342501,0.789928625
24/06/2018,0.072360617,0.050959558,0,0.700078777,0.878522314,2018,26,0.266079424,0.832921473
01/07/2018,0.074021352,0.010975053,2.42321E-05,0.663456005,0.859040043,2018,27,0.206066404,0.76450333
08/07/2018,0.048042705,0.006356196,0.003779126,0.422516719,0.651447447,2018,28,0.275990806,0.813823268
15/07/2018,0.054092527,0.013883671,0,0.561297748,0.750332248,2018,29,0.269613509,0.810341238
22/07/2018,0.0701576,0.016196066,0,0.755976691,0.9248541,2018,30,0.247784554,0.805405841
29/07/2018,0.059481444,0.001641124,0,0.738629062,0.915685972,2018,31,0.236398422,0.807297737
05/08/2018,0.058125741,0.000903511,0.000535816,0.360836262,0.587434273,2018,32,0.245167205,0.810329154
12/08/2018,0.051245552,0.01782988,0,0.530457519,0.738608719,2018,33,0.252700387,0.80128127
19/08/2018,0.057956279,0.01139703,0,0.782961891,0.960708026,2018,34,0.260034278,0.795688278
26/08/2018,0.154041688,0.025210531,0,0.71935392,0.907687588,2018,35,0.273280455,0.801783822
02/09/2018,0.078291815,0.027705997,0.011369317,0.576717862,0.771615401,2018,36,0.244117608,0.781468349
09/09/2018,0.088256228,0.01391863,0.003140709,0.553587691,0.765394172,2018,37,0.292040336,0.811649948
16/09/2018,0.047686833,0.001139834,0.000841918,0.565152776,0.781274678,2018,38,0.291070456,0.815152417
23/09/2018,0.049822064,0.002970314,0,0.696223748,0.900624049,2018,39,0.258612672,0.768594173
30/09/2018,0.018810371,0.009180805,0,0.559370234,0.773819643,2018,40,0.433456893,0.857779452
07/10/2018,0.049822064,0.017722725,0.006828194,0.395531519,0.625252798,2018,41,0.423877662,0.854371496
14/10/2018,0.047686833,0.003562036,6.44994E-05,0.416734176,0.650137715,2018,42,0.434705781,0.854384933
21/10/2018,0.01931876,0.003688594,1.65922E-05,0.349271176,0.599385581,2018,43,0.435595945,0.851530768
28/10/2018,0.018386714,0.002444715,0,0.37818389,0.604133362,2018,44,0.440272629,0.860511636
11/11/2018,0.050415184,0.015218416,0,0.553587691,0.76261099,2018,46,0.400082373,0.814360713
09/12/2018,0.03202847,0.002686239,0,0.586355434,0.794044569,2018,50,0.442876692,0.917539457
16/12/2018,0.014234875,0.005338162,0,0.223982747,0.477089312,2018,51,0.398488049,0.88669637
06/01/2019,0.854092527,0.045600063,0.003237689,0.235547833,0.482332987,2019,2,0.392509333,0.858931924
10/02/2019,1,0.005619202,0,0.594065491,0.805571238,2019,7,0.404187758,0.850650369
10/03/2019,0.960854093,0.035160939,0,0.584427919,0.794598687,2019,11,0.463230898,0.937835085
07/04/2019,0.056939502,0.002922997,1.38912E-05,0.372401348,0.6221273,2019,15,0.331247426,0.792000429
05/05/2019,0.046263345,0.024812053,0.000110275,0.266388062,0.531495409,2019,19,0.383594404,0.888127644
19/05/2019,0.144890696,0.018560557,0,0.532385034,0.78880564,2019,21,0.278329148,0.812834892
26/05/2019,0.323843416,0.01944578,0,0.590210462,0.807305611,2019,22,0.179441189,0.672560289
02/06/2019,0.580782918,0.042400053,4.11945E-05,0.503472319,0.732978293,2019,23,0.170433258,0.640529444
09/06/2019,0.067615658,0.001896726,0,0.540095091,0.760517403,2019,24,0.277571844,0.833061403
07/07/2019,0.142348754,0.013940748,0,0.401314062,0.637387084,2019,28,0.2236704,0.729262951
11/08/2019,0.010676157,0.002190042,0,0.538167576,0.766893201,2019,33,0.221518062,0.749254625
08/09/2019,0.03202847,0.017055242,0,0.480342148,0.710487731,2019,37,0.234551663,0.721847112
06/10/2019,0.017793594,0.009026508,6.48941E-05,0.333851062,0.559929891,2019,41,0.710404294,1.230161826
10/11/2019,0.085409253,0.005719702,0,0.613340634,0.813992802,2019,46,0.862967835,1.414960357
08/12/2019,0.010676157,0.015628352,0.000678841,0.468777062,0.679560268,2019,50,0.853322173,1.47927122
05/01/2020,0.004950903,0.010923117,0.013991293,0.400671557,0.389943793,2020,2,0.900248449,1.562273308
12/01/2020,0.009410487,0,0.713371448,0.649124004,0.557046367,2020,3,0.891705528,1.533758802
02/02/2020,0.004725826,0.003004337,0.002525446,0.295468386,0.377696752,2020,6,1,1.637001471
09/02/2020,0.033703867,0,0.79187644,0.758675211,0.598130421,2020,7,0.955863792,1.593495756
16/02/2020,0.019039146,0.055135473,0.336206161,0.257178827,0.168210739,2020,8,0.955518355,1.572590472
23/02/2020,0.009833443,1.76236E-05,0.368632136,0.270671427,0.207896348,2020,9,0.943813358,1.546629153
01/03/2020,0.016869576,0.031653601,0.025100888,0.22976529,0.291429454,2020,10,0.962533381,1.563124364
08/03/2020,0.020732489,0,0.72873112,0.680643008,0.543121657,2020,11,0.904021683,1.536272464
15/03/2020,0.002369575,0.001921503,0.566601246,0.494220251,0.413430857,2020,12,0.64963397,1.21939296
22/03/2020,0.041718242,0.00198594,0.465910061,0.36678497,0.345664434,2020,13,0.455618,0.981253055
29/03/2020,0.0724777,0.056516546,0.52734875,0.452736223,0.391484976,2020,14,0.336149973,0.79328055
05/04/2020,0.00735898,0.00122728,0.047382636,0.421410183,0.385247007,2020,15,0.368408466,0.844669898
12/04/2020,0.014804423,0,0.754330574,0.722780612,0.57113538,2020,16,0.368302178,0.865547291
19/04/2020,0.030178466,0.055634409,0.486389624,0.399075658,0.332279376,2020,17,0.421419746,0.925423729
26/04/2020,0.03799344,0,0.561481355,0.507712851,0.429960414,2020,18,0.439382465,0.960351191
03/05/2020,0.197650352,0.000840129,0.044977465,0.511637971,0.420698053,2020,19,0.422854637,0.945181431
10/05/2020,0.009384212,0,0.745797423,0.71395056,0.56906105,2020,20,0.469448762,1.135385261
17/05/2020,0.188133191,0,0.679238843,0.635217921,0.518864321,2020,21,0.495914544,1.162446118
24/05/2020,0.182610531,0,0.749210684,0.683791281,0.602714485,2020,22,0.545843464,1.278046779
31/05/2020,0.036009216,0,0.85502176,0.828499416,0.680711782,2020,23,0.54059548,1.23628277
07/06/2020,0.020978774,0.031526196,0.04308762,0.546841391,0.467952872,2020,24,0.532172134,1.252955553
14/06/2020,0.018483863,1.75594E-05,0.709958188,0.675707155,0.5461777,2020,25,0.62075013,1.365057725
21/06/2020,0.018735496,0,0.895980886,0.886854911,0.677011385,2020,26,0.545684032,1.304710039
28/06/2020,0.128213968,0,0.890860995,0.874363375,0.717025024,2020,27,0.544169424,1.360608387
05/07/2020,0.060528724,0.012990601,0.044188878,0.63072463,0.481061452,2020,28,0.600223205,1.33784815
12/07/2020,0.01787465,1.63669E-05,0.800409591,0.752929975,0.616010734,2020,29,0.583363227,1.321731091
19/07/2020,0.058972022,0,0.930113491,0.897756075,0.743736055,2020,30,0.579762711,1.367909007
26/07/2020,0.041164448,0,0.935233382,0.905791077,0.753770296,2020,31,0.61273865,1.462152139
02/08/2020,0.025173635,0.0009044,0.054336905,0.776852034,0.627601191,2020,32,0.585382704,1.393524731
09/08/2020,0.052505882,0,0.773103507,0.751995268,0.593032842,2020,33,0.570223338,1.331057491
16/08/2020,0.009008007,0,0.798702961,0.759676275,0.62206942,2020,34,0.61267222,1.371157863
23/08/2020,0.000885926,0,0.909633928,0.879239596,0.701017183,2020,35,0.628004305,1.369664399
30/08/2020,0.011690786,0,0.976192508,0.960135213,0.784216295,2020,36,0.60111337,1.372946181
06/09/2020,0.017045455,0.000396945,0.042005125,0.602975698,0.488285412,2020,37,0.562876161,1.23472155
13/09/2020,0.055686648,0,0.796996331,0.755334186,0.627162824,2020,38,0.610519883,1.317253729
20/09/2020,9.58707E-05,0,0.761157095,0.724203794,0.585687963,2020,39,0.676697623,1.429561638
27/09/2020,0.000313199,0,0.819182524,0.799065962,0.608253562,2020,40,0.724035766,1.234859657
04/10/2020,0.077591006,0.009325683,0.059941645,0.487623868,0.447805173,2020,41,0.770311026,1.308731732
11/10/2020,0.075056616,0,0.827715675,0.787684301,0.639004989,2020,42,0.760240212,1.274361253
18/10/2020,0.011038728,0,0.621213414,0.602406371,0.407305129,2020,43,0.742689359,1.245862549
25/10/2020,0.148059893,0,0.571721137,0.529920343,0.44348716,2020,44,0.726812547,1.229727879
01/11/2020,0.007863391,0.029963307,0.046963107,0.362442524,0.358526837,2020,45,0.789788353,1.291031971
08/11/2020,0.061651394,0,0.655346019,0.62314437,0.531200457,2020,46,0.805465875,1.340350849
15/11/2020,0.063623042,0,0.564894616,0.502446384,0.420818347,2020,47,0.727197842,1.386261044
22/11/2020,0.004292077,0,0.534175271,0.439771081,0.392537632,2020,48,0.601990248,1.105555283
29/11/2020,0.048182381,0.011153668,0.493216145,0.377959014,0.359186104,2020,49,0.679766697,1.165262235
06/12/2020,0.014552438,0.004329337,0.0491192,0.473881405,0.398341648,2020,50,0.664793336,1.221252455
13/12/2020,0.090520797,0,0.674118952,0.588842549,0.51841454,2020,51,0.6224906,1.203965063
20/12/2020,0.00019725,0.000386749,0.380578548,0.238760357,0.272443614,2020,52,0.534457332,1.159930243
27/12/2020,0.007313722,0.000376811,0.360098985,0.266388062,0.214233282,2020,53,0.564629917,1.118028145
03/01/2021,0.047092518,0.068853338,0.348152573,0.212845998,0.21710205,2021,2,0.639935164,1.201676496
10/01/2021,0.018536987,0.000116146,0.749210684,0.730740532,0.566444086,2021,3,0.628296597,1.172799411
17/01/2021,0.016220129,0.018758299,0.431777455,0.299661382,0.321182839,2021,4,0.630541937,1.166207379
24/01/2021,0.005113102,0.015098543,0.305486816,0.18564663,0.176578474,2021,5,0.649408107,1.23162314
31/01/2021,0.061060609,0.155604451,0.319139858,0.166799823,0.215644531,2021,6,0.614266544,1.122605907
07/02/2021,0.021883889,0.009417801,0.563187985,0.477129624,0.385092095,2021,7,0.563792897,1.065562626
14/02/2021,0.006179667,0.031349868,0.52905538,0.437125248,0.375105187,2021,8,0.695417647,1.226852273
21/02/2021,0.030853467,0.133936271,0.189435959,0.059584432,0.037457541,2021,9,0.659797787,1.17162443
28/02/2021,0.013238982,0.005011665,0.453963649,0.345630316,0.297728727,2021,10,0.68769846,1.202140255
07/03/2021,0.008896797,0.008181475,0.612680263,0.544191059,0.416718831,2021,11,0.665191917,1.212026441
14/03/2021,0.020486371,0,0.655346019,0.592204443,0.492868201,2021,12,0.724341345,1.323245354
21/03/2021,0.04084014,0.01126111,0.469323321,0.368546319,0.341022661,2021,13,0.714748828,1.353449858
28/03/2021,0.025121977,0,0.59561396,0.529649207,0.442629617,2021,14,0.792631565,1.435675505
04/04/2021,0.000639167,0.001552114,0.508575817,0.437326454,0.317479542,2021,15,0.804123985,1.462222718
11/04/2021,0.015804898,0,0.7952897,0.729246068,0.623744882,2021,16,0.698938446,1.345836488
18/04/2021,6.27087E-05,0,0.539295162,0.485209938,0.395175536,2021,17,0.738424542,1.37746914
25/04/2021,0.010404177,0.00073927,0.556361464,0.479710176,0.402925711,2021,18,0.729589329,1.378235391
02/05/2021,0.03134795,0.029100779,0.566601246,0.522329834,0.403498719,2021,19,0.675515166,1.312352966
09/05/2021,0.001729399,0,0.785049919,0.751560931,0.587802635,2021,20,0.706657632,1.521789798
16/05/2021,0.006248448,0,0.651932759,0.574717612,0.486912306,2021,21,0.656250415,1.420070119
23/05/2021,0.008860562,0,0.85502176,0.811633666,0.674650035,2021,22,0.653978503,1.456741917
30/05/2021,0.075104958,0,0.738970902,0.72528764,0.572676805,2021,23,0.712848924,1.513514091
06/06/2021,0.001627755,0.00032089,0.581960918,0.496776743,0.428520067,2021,24,0.710324578,1.546769708
13/06/2021,0.038801393,0,0.779930028,0.720799555,0.607057282,2021,25,0.688296332,1.473750946
20/06/2021,0.017288917,0,0.882327844,0.875964456,0.681332429,2021,26,0.701223644,1.567158542
27/06/2021,0.265771763,0,0.848195239,0.79332228,0.702417869,2021,27,0.659731356,1.564354134
04/07/2021,0.072093014,0.01287855,0.626333305,0.551300809,0.472641679,2021,28,0.721152696,1.533294572
11/07/2021,0.02402602,0,0.812356003,0.787057859,0.647975527,2021,29,0.736630927,1.571546605
18/07/2021,0.038279276,0,0.773103507,0.709752043,0.649658692,2021,30,0.755204804,1.665177759
25/07/2021,0.022950563,0,0.911340558,0.901744959,0.752542422,2021,31,0.753942631,1.707855471
01/08/2021,0.032749782,2.94354E-05,0.849901869,0.80344173,0.687260444,2021,32,0.765435051,1.702169494
08/08/2021,0.015038457,0.005283178,0.668999061,0.59193508,0.493266728,2021,33,0.781152431,1.682985492
15/08/2021,0.032321368,0,0.752623944,0.70248817,0.593942006,2021,34,0.80803008,1.689962202
22/08/2021,0.019993005,0,0.918167079,0.888734238,0.756021399,2021,35,0.811976032,1.66418638
29/08/2021,0.083143964,0,0.955712945,0.968485141,0.789341439,2021,36,0.799407443,1.701483831
05/09/2021,0.091002089,0.033103008,0.585374179,0.516311525,0.432149117,2021,37,0.823747459,1.642227603
12/09/2021,0.020063032,0,0.761157095,0.713571377,0.608062559,2021,38,0.772516508,1.57187531
19/09/2021,0.008975271,0,0.868674802,0.880599251,0.694951402,2021,39,0.752228732,1.548971833
26/09/2021,0.042037143,0,0.773103507,0.748507573,0.61849949,2021,40,0.878153773,1.434856474
03/10/2021,8.70877E-05,0.000529304,0.639986347,0.572896067,0.47607314,2021,41,0.826869677,1.382910506
10/10/2021,0.037134291,0,0.798702961,0.756699509,0.633274909,2021,42,0.849349649,1.389322529
17/10/2021,0.035281943,0,0.648519498,0.601775548,0.491209865,2021,43,0.811590737,1.334337266
24/10/2021,0.005719899,0,0.643399607,0.602498366,0.487935534,2021,44,0.81503182,1.343401355
31/10/2021,0.218868578,0,0.604147112,0.492389112,0.480158998,2021,45,0.823189446,1.333418932
07/11/2021,0.032024421,0.005625039,0.575134397,0.479035358,0.432966358,2021,46,0.782467748,1.310510494
14/11/2021,0.080196911,0.000321336,0.674118952,0.60442588,0.524362468,2021,47,0.656210557,1.283189938
21/11/2021,0.008043186,4.90174E-05,0.477856472,0.386375826,0.335519139,2021,48,0.902533647,1.506099288
28/11/2021,0.00400764,0,0.414711153,0.314575919,0.265690306,2021,49,0.811697025,1.334699701
05/12/2021,0.002404094,0.004154741,0.45908354,0.352342131,0.308570401,2021,50,0.782627181,1.382518729
12/12/2021,0.09836597,0.000133581,0.769690247,0.703451927,0.629374434,2021,51,0.766697225,1.40821384
19/12/2021,0.010760505,0,0.498336035,0.418661691,0.352050791,2021,52,0.904579696,1.723331866
02/01/2022,0.05439756,0.031729054,0.426657565,0.29048199,0.318488896,2022,2,0.770603319,1.38268347
09/01/2022,0.062780655,0.000860142,0.754330574,0.693332477,0.594760589,2022,3,0.672950961,1.233991003
16/01/2022,0.007734047,0.007034656,0.426657565,0.322285976,0.294545349,2022,4,0.628934327,1.164022524
23/01/2022,0.013098914,0.043458465,0.257701169,0.154592233,0.129600917,2022,5,0.537034823,1.073803116
30/01/2022,0.011964576,0.053342776,0.180902807,0.065203758,0.042421849,2022,6,0.691245832,1.225261778
06/02/2022,0.034696537,0.087322317,0.449483744,0.35794499,0.325677076,2022,7,0.666095367,1.203315425
13/02/2022,0.013074161,2.45607E-05,0.682652103,0.637487131,0.526799613,2022,8,0.663677309,1.184661511
20/02/2022,0.065249439,0.043613486,0.325966379,0.249763251,0.168892891,2022,9,0.741387328,1.279352549
27/02/2022,0.048202331,0.032193626,0.343032682,0.237234408,0.222305418,2022,10,0.727290845,1.254143187
06/03/2022,0.060672029,0.046467187,0.447137128,0.36812577,0.325037559,2022,11,0.760054207,1.340815749
13/03/2022,0.000168888,1.16426E-05,0.721904599,0.720405291,0.540968537,2022,12,0.756161399,1.367479123
20/03/2022,0.040082412,0,0.559774725,0.529252823,0.395737066,2022,13,0.715971143,1.355205503
27/03/2022,0.048566545,0.000511682,0.52905538,0.442591962,0.394427895,2022,14,0.753929345,1.381210853
03/04/2022,0.088763398,0.000392093,0.399351481,0.284458508,0.26978322,2022,15,0.74821635,1.382983131
10/04/2022,0.060323583,0,0.747504053,0.710837811,0.602436663,2022,16,0.756068397,1.428824656
17/04/2022,0.025805796,0,0.556361464,0.487811266,0.390527903,2022,17,0.795793641,1.459276856
24/04/2022,0.061790447,0.003673473,0.616093523,0.557924598,0.479666332,2022,18,0.80213108,1.482692093
01/05/2022,0.020592117,0.000190379,0.53076201,0.454079766,0.402393632,2022,19,0.846572867,1.560937574
08/05/2022,0.066963495,0.002285169,0.646812868,0.597009331,0.487835072,2022,20,0.836382478,1.733106809
15/05/2022,0.022363358,0,0.774810137,0.73621967,0.594146652,2022,21,0.717871046,1.519080735
22/05/2022,0.066511633,0,0.752623944,0.726538291,0.589644446,2022,22,0.724367917,1.573061717
29/05/2022,0.055086746,0,0.747504053,0.714499439,0.58712573,2022,23,0.703203263,1.497989993
05/06/2022,0.067716854,0.001000883,0.578547658,0.495692171,0.430854543,2022,24,0.702671822,1.534148561
12/06/2022,0.034090864,0,0.773103507,0.729955248,0.625148614,2022,25,0.70515631,1.500881492
19/06/2022,0.022620132,0,0.918167079,0.93523552,0.718571236,2022,26,0.674837578,1.522636229
26/06/2022,0.027341185,0,0.943766533,0.936127888,0.732487143,2022,27,0.683752508,1.606705515
03/07/2022,0.01623827,0.011413433,0.622920044,0.56394808,0.472177815,2022,28,0.714416677,1.522407807
10/07/2022,0.050540839,0,0.744090793,0.687790873,0.613383347,2022,29,0.712264339,1.531830789
17/07/2022,0.058038114,0,0.761157095,0.691404962,0.635075791,2022,30,0.705980044,1.581771419
24/07/2022,0.105932876,0,0.954006315,0.93186237,0.77546274,2022,31,0.684018228,1.586182848
31/07/2022,0.037820727,0,0.882327844,0.846328923,0.716320133,2022,32,0.698021709,1.586609907
07/08/2022,0.00657351,0.001143493,0.518815599,0.439864348,0.393028301,2022,33,0.671981081,1.500836815
14/08/2022,0.043548115,0,0.720197969,0.65502313,0.58043539,2022,34,0.752627313,1.599550471
21/08/2022,0.047701405,0,0.863554911,0.836932291,0.708543597,2022,35,0.761475813,1.583340128
28/08/2022,0.013433966,0,0.877207953,0.860062463,0.7036321,2022,36,0.780846852,1.670732267
04/09/2022,0.044820734,0.000845931,0.612680263,0.544913876,0.459899074,2022,37,0.769580294,1.557613283
11/09/2022,0.042883535,0,0.767983616,0.756940448,0.595768934,2022,38,0.744881555,1.528439495
18/09/2022,0.011781129,0.000168386,0.7952897,0.755012934,0.638145477,2022,39,0.799766166,1.624125691
25/09/2022,0.0314536,0,0.786756549,0.760554537,0.625252798,2022,40,0.691365406,1.19246378
02/10/2022,0.009398986,0.000269752,0.539295162,0.464199216,0.407714421,2022,41,0.800098317,1.347798871
09/10/2022,0.000256773,0.000337853,0.742384162,0.724895523,0.560994048,2022,42,0.833512695,1.368891063
16/10/2022,0.028608987,0.000422328,0.599027221,0.537444759,0.445983166,2022,43,0.86412372,1.401793694
23/10/2022,0.00029722,0,0.609267002,0.573344712,0.44577852,2022,44,0.86901298,1.412957881
30/10/2022,0.066892977,0,0.651932759,0.60105273,0.487321597,2022,45,0.934592849,1.474793104
06/11/2022,0.016872216,0.020586134,0.568307876,0.500821987,0.409965523,2022,46,0.814872388,1.352555917
13/11/2022,0.013430507,0.000111125,0.686065364,0.610931241,0.529478611,2022,47,0.788884903,1.475828543
20/11/2022,0.01543882,0.019045045,0.353272464,0.200370697,0.24645361,2022,48,0.910425552,1.516617088
27/11/2022,0.013015517,0,0.500042666,0.435527441,0.323605039,2022,49,0.870474444,1.410187249
04/12/2022,0.007663198,0.000221976,0.421537674,0.33451693,0.257173324,2022,50,0.720262532,1.297167067
11/12/2022,0.133357269,0,0.762863726,0.701283473,0.623001695,2022,51,0.609510144,1.185580038
18/12/2022,0.087153631,0.016066807,0.383991808,0.207116997,0.300889366,2022,52,0.656290273,1.345384794
01/01/2023,0.006613985,0.001009763,0.39593822,0.284940387,0.24645361,2023,1,0.698446863,1.317981675
08/01/2023,0.085785174,0,0.59732059,0.533198873,0.435650832,2023,2,0.686037706,1.265539659
15/01/2023,0.003247331,0.002632348,0.362374492,0.22301899,0.268077839,2023,3,0.688575338,1.255401688
22/01/2023,0.040669721,0.008615351,0.440310607,0.28128249,0.347604398,2023,4,0.679726839,1.233053131
29/01/2023,0.032900202,0.077568183,0.32767301,0.186637158,0.214733527,2023,5,0.676299042,1.269389483
05/02/2023,0.008322285,0.002952067,0.365218875,0.23957809,0.224876512,2023,6,0.743964819,1.295565281
12/02/2023,0.150405088,0,0.89000768,0.871182737,0.721782599,2023,7,0.723677043,1.280850572
19/02/2023,0.032740214,0.015744952,0.455670279,0.353126205,0.307642674,2023,8,0.743818672,1.291189212
26/02/2023,0.064241091,0.007372736,0.39764485,0.286386022,0.272034323,2023,9,0.760970943,1.305210104
05/03/2023,0.094044182,0,0.465910061,0.37376813,0.334060573,2023,10,0.737786812,1.267929199
12/03/2023,0.287834007,0,0.895980886,0.907508968,0.699743832,2023,11,0.739434281,1.31282121
19/03/2023,0.022206035,0.002109283,0.380578548,0.28060348,0.238063137,2023,12,0.75515166,1.366075462
26/03/2023,0.05425725,0.000423943,0.491509514,0.398181851,0.361464493,2023,13,0.735368754,1.38306683
02/04/2023,0.02309741,1.81546E-05,0.46079017,0.403723455,0.304163697,2023,14,0.730731928,1.348565717
09/04/2023,0.034979166,0.006715101,0.695281167,0.69070168,0.507398999,2023,15,0.729682331,1.356714304
16/04/2023,0.004716026,0,0.806382797,0.808260516,0.561147533,2023,16,0.734212869,1.397076857
23/04/2023,0.030706174,0.002030571,0.558068095,0.510941437,0.415900248,2023,17,0.693570888,1.313508314
30/04/2023,0.015429902,0,0.554654834,0.485854839,0.390090333,2023,18,0.760851369,1.423251255
07/05/2023,0.023687583,0.00247472,0.667292431,0.588719366,0.454323444,2023,19,0.746010868,1.414798786
14/05/2023,0.08183526,0,0.716784709,0.659600977,0.61133689,2023,20,0,0.370670467
21/05/2023,0.004511791,0,0.72702449,0.717151046,0.523865472,2023,21,0.680032418,1.458282496
28/05/2023,0,0,0.762863726,0.748817352,0.544446982,2023,22,0.703017259,1.537779362
04/06/2023,0.01408363,0.000579973,0.631453196,0.592028872,0.438971155,2023,23,0.711839186,1.511888979
11/06/2023,0.129617295,0,0.844213101,0.830507244,0.671912017,2023,24,0.691498266,1.515720811
18/06/2023,0.033337714,0,0.774525699,0.761437982,0.593873791,2023,25,0.691046541,1.478176496
25/06/2023,0.046840552,0,0.904514037,0.908801038,0.696703381,2023,26,0.68019185,1.531670716
02/07/2023,0.013858893,0,0.752623944,0.675814773,0.575929172,2023,27,0.649381535,1.546106498
09/07/2023,0.013981543,0,0.707227579,0.63746061,0.53279719,2023,28,0.708770112,1.51328182
16/07/2023,0.093622805,0,0.892994283,0.862953734,0.72266415,2023,29,0.669523164,1.462165696
