Date,Temperature,Humidity,Rainfall
2012-01-01,-2.2,96,4.8
2012-01-02,3.0,99,5.6
2012-01-03,2.0,91,2.5
2012-01-04,1.3,95,11.6
2012-01-05,-1.1,88,0.0
2012-01-06,-2.4,68,0.0
2012-01-07,-4.9,77,0.0
2012-01-08,-4.0,86,0.0
2012-01-09,-5.6,80,0.0
2012-01-10,-3.6,91,0.0
2012-01-11,0.8,95,0.7
2012-01-12,1.1,85,4.2
2012-01-13,-0.7,59,0.6
2012-01-14,-1.9,66,0.0
2012-01-15,-3.0,78,0.0
2012-01-16,-1.9,94,2.5
2012-01-17,-0.5,98,0.0
2012-01-18,-0.4,98,1.8
2012-01-19,-0.9,97,1.3
2012-01-20,-4.4,88,0.0
2012-01-21,-3.9,85,0.1
2012-01-22,-1.4,89,0.3
2012-01-23,-2.8,87,0.0
2012-01-24,-3.6,92,0.0
2012-01-25,-4.1,84,0.0
2012-01-26,-3.7,86,0.0
2012-01-27,-2.9,81,0.0
2012-01-28,-2.9,80,0.0
2012-01-29,-3.4,83,0.0
2012-01-30,-5.1,89,0.0
2012-01-31,-5.2,90,0.0
2012-02-01,-6.0,82,0.0
2012-02-02,-10.1,76,0.0
2012-02-03,-11.9,74,0.2
2012-02-04,-15.8,77,0.0
2012-02-05,-14.8,78,0.0
2012-02-06,-9.7,72,0.0
2012-02-07,-7.3,87,0.0
2012-02-08,-6.7,87,1.5
2012-02-09,-7.7,82,0.0
2012-02-10,-11.1,88,0.0
2012-02-11,-4.7,89,0.0
2012-02-12,-3.9,87,0.5
2012-02-13,-7.1,87,0.0
2012-02-14,-2.4,88,4.8
2012-02-15,-2.6,89,3.3
2012-02-16,-6.3,83,0.8
2012-02-17,-3.4,89,0.1
2012-02-18,-3.1,92,5.7
2012-02-19,1.0,88,1.7
2012-02-20,-3.0,77,0.0
2012-02-21,1.1,80,1.2
2012-02-22,0.3,90,4.3
2012-02-23,2.3,87,8.9
2012-02-24,1.1,89,0.0
2012-02-25,-0.4,80,0.1
2012-02-26,-2.7,71,0.0
2012-02-27,-3.2,71,0.0
2012-02-28,2.2,86,1.9
2012-02-29,2.3,87,0.0
2012-03-01,3.0,95,0.2
2012-03-02,2.8,61,0.3
2012-03-03,-0.3,77,0.0
2012-03-04,-2.0,75,0.0
2012-03-05,-3.7,79,0.0
2012-03-06,-3.1,74,0.0
2012-03-07,-1.9,72,0.0
2012-03-08,-0.6,68,0.0
2012-03-09,2.1,87,0.0
2012-03-10,4.4,84,1.0
2012-03-11,3.1,57,0.0
2012-03-12,5.9,68,0.0
2012-03-13,5.5,55,0.0
2012-03-14,0.8,60,0.0
2012-03-15,3.6,79,0.0
2012-03-16,4.3,85,0.0
2012-03-17,4.2,89,0.0
2012-03-18,4.6,87,0.0
2012-03-19,1.4,61,0.4
2012-03-20,2.1,76,0.2
2012-03-21,6.6,80,0.0
2012-03-22,8.5,73,0.0
2012-03-23,7.3,64,0.0
2012-03-24,7.3,70,0.0
2012-03-25,5.0,62,0.0
2012-03-26,6.8,67,0.0
2012-03-27,9.3,63,0.5
2012-03-28,7.0,86,8.4
2012-03-29,4.8,66,0.8
2012-03-30,2.6,83,3.1
2012-03-31,-0.2,78,3.9
2012-04-01,0.3,66,2.0
2012-04-02,-0.6,57,0.1
2012-04-03,0.1,53,0.4
2012-04-04,1.7,52,0.0
2012-04-05,2.8,56,0.0
2012-04-06,0.1,75,6.6
2012-04-07,-1.4,61,0.0
2012-04-08,-1.1,62,0.0
2012-04-09,0.9,72,1.5
2012-04-10,3.4,88,5.2
2012-04-11,5.6,84,1.2
2012-04-12,6.7,80,0.1
2012-04-13,3.0,92,7.1
2012-04-14,1.4,92,17.4
2012-04-15,2.4,89,0.4
2012-04-16,3.9,79,0.0
2012-04-17,2.2,83,2.8
2012-04-18,2.8,76,0.0
2012-04-19,5.0,72,0.0
2012-04-20,2.1,93,14.2
2012-04-21,4.6,83,0.0
2012-04-22,4.5,98,11.7
2012-04-23,6.2,84,0.0
2012-04-24,6.6,85,1.5
2012-04-25,7.6,78,2.4
2012-04-26,8.1,90,3.9
2012-04-27,11.0,73,0.7
2012-04-28,11.0,58,0.0
2012-04-29,8.1,58,0.0
2012-04-30,9.0,63,0.0
2012-05-01,8.5,58,0.0
2012-05-02,11.0,64,0.0
2012-05-03,8.1,57,0.0
2012-05-04,6.4,70,0.9
2012-05-05,8.1,73,0.0
2012-05-06,7.6,58,0.0
2012-05-07,8.0,56,0.4
2012-05-08,8.4,59,0.0
2012-05-09,9.4,75,4.2
2012-05-10,12.6,86,9.1
2012-05-11,14.0,86,3.3
2012-05-12,8.8,75,3.8
2012-05-13,8.5,58,0.0
2012-05-14,10.2,66,0.0
2012-05-15,11.0,67,0.2
2012-05-16,10.4,73,1.4
2012-05-17,11.0,74,1.9
2012-05-18,10.4,69,0.2
2012-05-19,11.7,64,0.0
2012-05-20,14.1,67,0.0
2012-05-21,14.1,75,2.6
2012-05-22,14.5,65,0.0
2012-05-23,14.8,58,0.0
2012-05-24,16.2,59,0.0
2012-05-25,17.9,54,0.4
2012-05-26,14.0,67,1.5
2012-05-27,15.8,58,0.0
2012-05-28,12.5,60,0.0
2012-05-29,9.9,51,0.0
2012-05-30,9.4,60,0.6
2012-05-31,10.0,81,9.1
2012-06-01,6.5,89,4.8
2012-06-02,5.2,94,25.8
2012-06-03,8.3,92,6.5
2012-06-04,9.8,84,4.3
2012-06-05,11.4,77,2.5
2012-06-06,11.6,86,5.3
2012-06-07,12.4,81,3.3
2012-06-08,13.2,69,0.0
2012-06-09,11.5,82,4.6
2012-06-10,13.5,83,6.9
2012-06-11,13.4,85,4.3
2012-06-12,13.9,85,3.1
2012-06-13,14.5,88,11.1
2012-06-14,14.8,75,0.0
2012-06-15,13.5,72,0.0
2012-06-16,12.2,89,4.1
2012-06-17,13.0,94,4.3
2012-06-18,14.8,78,2.4
2012-06-19,14.9,73,7.1
2012-06-20,14.9,69,0.2
2012-06-21,15.4,73,0.1
2012-06-22,14.9,59,0.0
2012-06-23,13.3,76,0.7
2012-06-24,14.9,81,1.4
2012-06-25,12.0,95,19.9
2012-06-26,13.8,86,3.3
2012-06-27,13.5,79,1.6
2012-06-28,13.8,72,0.0
2012-06-29,15.9,67,0.7
2012-06-30,16.5,81,5.3
2012-07-01,17.8,76,0.2
2012-07-02,16.0,70,0.0
2012-07-03,16.4,73,0.0
2012-07-04,17.2,72,0.0
2012-07-05,17.3,74,0.0
2012-07-06,18.1,79,1.2
2012-07-07,19.8,91,5.7
2012-07-08,18.7,95,5.2
2012-07-09,18.6,90,3.8
2012-07-10,16.3,93,23.0
2012-07-11,15.9,84,1.2
2012-07-12,16.5,85,9.6
2012-07-13,15.3,83,1.9
2012-07-14,15.1,80,3.4
2012-07-15,14.5,98,26.9
2012-07-16,15.3,79,2.2
2012-07-17,14.4,82,7.8
2012-07-18,14.9,86,0.9
2012-07-19,15.3,76,0.0
2012-07-20,15.8,81,2.7
2012-07-21,14.3,76,6.9
2012-07-22,16.1,66,0.3
2012-07-23,16.1,81,2.8
2012-07-24,19.4,77,0.0
2012-07-25,20.8,70,0.1
2012-07-26,17.6,75,0.0
2012-07-27,17.0,69,0.0
2012-07-28,19.5,81,0.9
2012-07-29,18.8,76,1.9
2012-07-30,17.8,76,9.0
2012-07-31,15.8,80,2.0
2012-08-01,15.4,75,0.3
2012-08-02,17.6,73,0.0
2012-08-03,18.8,86,4.3
2012-08-04,17.4,73,0.0
2012-08-05,17.5,76,0.0
2012-08-06,17.1,84,16.1
2012-08-07,16.2,87,9.3
2012-08-08,15.0,87,1.8
2012-08-09,13.7,90,10.1
2012-08-10,13.9,84,4.0
2012-08-11,15.1,79,0.6
2012-08-12,16.0,87,2.5
2012-08-13,15.6,77,0.0
2012-08-14,16.6,77,0.0
2012-08-15,17.5,80,0.7
2012-08-16,17.2,88,1.6
2012-08-17,17.5,86,0.3
2012-08-18,17.2,83,0.0
2012-08-19,18.6,86,8.2
2012-08-20,16.4,81,0.0
2012-08-21,16.1,85,1.2
2012-08-22,15.5,94,5.9
2012-08-23,14.2,94,13.3
2012-08-24,13.9,92,8.2
2012-08-25,14.7,86,0.0
2012-08-26,14.8,93,7.2
2012-08-27,12.6,73,1.0
2012-08-28,12.2,68,0.2
2012-08-29,15.8,81,0.7
2012-08-30,16.4,85,0.9
2012-08-31,14.8,96,33.9
2012-09-01,14.5,98,19.5
2012-09-02,14.8,85,0.2
2012-09-03,15.7,77,0.0
2012-09-04,14.9,85,1.1
2012-09-05,14.6,60,0.0
2012-09-06,11.3,58,1.0
2012-09-07,11.1,77,0.6
2012-09-08,11.2,63,0.1
2012-09-09,10.5,67,0.0
2012-09-10,15.2,85,0.2
2012-09-11,16.7,85,0.8
2012-09-12,12.8,77,0.6
2012-09-13,11.0,74,0.0
2012-09-14,10.5,90,5.7
2012-09-15,12.2,76,0.0
2012-09-16,13.3,76,0.0
2012-09-17,14.0,75,1.7
2012-09-18,11.7,88,4.9
2012-09-19,10.7,83,0.3
2012-09-20,8.9,79,0.0
2012-09-21,8.5,84,5.9
2012-09-22,9.7,95,13.7
2012-09-23,9.4,92,2.5
2012-09-24,8.8,76,0.1
2012-09-25,8.9,84,0.1
2012-09-26,10.6,96,10.8
2012-09-27,12.0,92,4.0
2012-09-28,9.8,95,1.8
2012-09-29,9.4,95,3.8
2012-09-30,8.9,86,0.0
2012-10-01,11.8,91,3.2
2012-10-02,11.9,96,5.1
2012-10-03,11.1,94,1.3
2012-10-04,10.4,96,5.3
2012-10-05,8.0,89,0.6
2012-10-06,7.9,78,0.0
2012-10-07,8.1,79,0.4
2012-10-08,7.7,79,0.0
2012-10-09,6.2,94,1.6
2012-10-10,5.2,84,0.0
2012-10-11,5.7,81,0.0
2012-10-12,4.3,92,0.2
2012-10-13,4.0,90,0.1
2012-10-14,5.2,91,0.7
2012-10-15,7.3,95,17.9
2012-10-16,6.9,90,0.2
2012-10-17,8.8,86,1.8
2012-10-18,9.4,94,10.6
2012-10-19,11.3,94,1.4
2012-10-20,8.1,99,10.7
2012-10-21,8.0,97,1.0
2012-10-22,5.3,81,0.0
2012-10-23,4.6,89,0.0
2012-10-24,4.1,82,0.0
2012-10-25,0.3,75,0.0
2012-10-26,-0.1,49,0.4
2012-10-27,-0.1,77,0.0
2012-10-28,-2.2,91,0.0
2012-10-29,0.5,92,8.4
2012-10-30,2.8,99,6.1
2012-10-31,0.9,95,0.0
2012-11-01,6.0,84,0.0
2012-11-02,6.3,95,3.8
2012-11-03,3.7,95,0.0
2012-11-04,2.9,97,0.3
2012-11-05,2.8,97,0.8
2012-11-06,1.3,89,0.7
2012-11-07,1.3,65,0.0
2012-11-08,-0.1,82,0.0
2012-11-09,-1.5,85,0.0
2012-11-10,5.2,95,0.0
2012-11-11,6.5,97,2.7
2012-11-12,3.9,77,0.0
2012-11-13,0.5,94,0.0
2012-11-14,7.9,94,0.0
2012-11-15,5.7,93,4.3
2012-11-16,5.0,95,0.0
2012-11-17,5.7,89,0.1
2012-11-18,4.4,89,0.4
2012-11-19,3.3,90,0.0
2012-11-20,4.9,86,0.0
2012-11-21,6.1,92,0.0
2012-11-22,6.3,92,0.0
2012-11-23,5.7,92,0.0
2012-11-24,5.1,96,2.6
2012-11-25,1.8,92,0.0
2012-11-26,2.8,89,0.0
2012-11-27,2.8,92,10.4
2012-11-28,0.9,97,15.3
2012-11-29,-0.8,85,3.3
2012-11-30,-2.8,85,2.9
2012-12-01,-7.2,89,0.0
2012-12-02,-10.8,87,0.0
2012-12-03,-14.7,85,0.0
2012-12-04,-10.6,86,4.5
2012-12-05,-4.1,86,14.0
2012-12-06,-3.6,90,1.2
2012-12-07,-7.2,92,0.4
2012-12-08,-6.7,91,1.1
2012-12-09,-11.4,89,0.1
2012-12-10,-5.4,91,0.0
2012-12-11,-3.5,85,3.3
2012-12-12,-5.1,91,0.9
2012-12-13,-9.7,88,0.0
2012-12-14,-12.2,88,0.5
2012-12-15,-0.6,86,7.3
2012-12-16,0.0,92,3.1
2012-12-17,-1.0,95,1.3
2012-12-18,-2.3,91,0.5
2012-12-19,-2.7,93,0.5
2012-12-20,-4.9,92,0.0
2012-12-21,-4.6,87,0.0
2012-12-22,-4.5,87,0.0
2012-12-23,-3.7,82,0.5
2012-12-24,-4.5,85,1.2
2012-12-25,-3.5,89,5.1
2012-12-26,-1.9,95,5.0
2012-12-27,-1.2,91,0.0
2012-12-28,-5.7,72,0.0
2012-12-29,-1.3,92,2.3
2012-12-30,2.8,95,0.0
2012-12-31,2.1,91,2.2
2013-01-01,2.8,94,1.0
2013-01-02,-0.7,96,0.0
2013-01-03,-1.9,96,1.7
2013-01-04,1.2,84,0.0
2013-01-05,-3.4,93,0.0
2013-01-06,-2.9,94,0.0
2013-01-07,-1.8,95,0.0
2013-01-08,-0.7,95,2.6
2013-01-09,-2.8,95,0.0
2013-01-10,-2.6,87,0.6
2013-01-11,-3.7,83,0.6
2013-01-12,-5.1,86,0.0
2013-01-13,-8.4,87,0.0
2013-01-14,-9.6,87,0.0
2013-01-15,-4.8,89,5.8
2013-01-16,-4.8,92,1.3
2013-01-17,-5.0,87,0.0
2013-01-18,-9.6,89,0.0
2013-01-19,-15.0,87,0.0
2013-01-20,-5.2,89,0.4
2013-01-21,-5.5,85,0.0
2013-01-22,-11.6,82,0.0
2013-01-23,-14.7,84,0.0
2013-01-24,-13.9,84,0.0
2013-01-25,-14.0,85,0.0
2013-01-26,-5.5,86,0.0
2013-01-27,-3.6,86,0.1
2013-01-28,1.2,88,2.1
2013-01-29,1.0,92,0.0
2013-01-30,2.0,94,2.5
2013-01-31,0.8,87,0.0
2013-02-01,-5.8,80,0.0
2013-02-02,-7.4,85,0.0
2013-02-03,-6.3,90,0.0
2013-02-04,-2.0,93,1.7
2013-02-05,-0.3,94,1.8
2013-02-06,-1.9,93,6.7
2013-02-07,-1.7,92,2.4
2013-02-08,-2.0,89,2.4
2013-02-09,-2.6,88,0.5
2013-02-10,-4.7,88,0.2
2013-02-11,-4.3,91,5.3
2013-02-12,-1.7,93,2.5
2013-02-13,-2.4,92,0.2
2013-02-14,-0.2,95,2.2
2013-02-15,-0.3,94,0.1
2013-02-16,0.1,95,0.0
2013-02-17,-0.3,92,0.8
2013-02-18,-1.3,92,0.6
2013-02-19,-1.7,86,2.5
2013-02-20,-3.5,84,0.0
2013-02-21,-4.8,87,0.0
2013-02-22,-4.9,88,0.0
2013-02-23,-3.4,90,0.0
2013-02-24,-4.6,88,0.0
2013-02-25,-5.9,86,0.0
2013-02-26,-4.0,85,0.0
2013-02-27,1.4,87,0.0
2013-02-28,0.7,77,0.0
2013-03-01,-0.2,78,0.4
2013-03-02,-2.2,79,1.7
2013-03-03,-2.5,72,0.0
2013-03-04,-2.8,82,0.0
2013-03-05,-0.2,92,0.0
2013-03-06,0.3,77,0.0
2013-03-07,-4.1,76,0.0
2013-03-08,-6.7,82,0.0
2013-03-09,-7.8,69,0.0
2013-03-10,-9.4,69,0.0
2013-03-11,-9.2,74,0.0
2013-03-12,-5.4,79,0.0
2013-03-13,-7.4,71,0.0
2013-03-14,-10.9,70,0.0
2013-03-15,-10.2,67,0.0
2013-03-16,-7.4,72,0.0
2013-03-17,-4.3,80,0.0
2013-03-18,-6.2,77,0.0
2013-03-19,-5.7,75,0.1
2013-03-20,-5.4,72,0.3
2013-03-21,-5.7,74,0.0
2013-03-22,-7.6,72,0.0
2013-03-23,-5.8,78,0.0
2013-03-24,-4.6,75,0.0
2013-03-25,-3.5,76,0.0
2013-03-26,-3.0,75,0.0
2013-03-27,-2.3,73,0.0
2013-03-28,-2.1,77,0.0
2013-03-29,-2.9,80,0.0
2013-03-30,-2.2,74,0.0
2013-03-31,-2.2,75,0.0
2013-04-01,-1.4,73,0.0
2013-04-02,-1.4,72,0.0
2013-04-03,0.3,71,0.0
2013-04-04,0.3,67,0.0
2013-04-05,-1.6,68,0.0
2013-04-06,-0.7,64,0.2
2013-04-07,-0.6,77,2.0
2013-04-08,-2.2,73,0.8
2013-04-09,-0.7,61,0.0
2013-04-10,-0.2,73,0.0
2013-04-11,0.1,79,0.0
2013-04-12,1.9,88,1.4
2013-04-13,1.7,98,14.3
2013-04-14,4.1,81,0.0
2013-04-15,5.8,87,1.6
2013-04-16,6.5,96,3.6
2013-04-17,8.4,71,0.3
2013-04-18,8.0,78,4.8
2013-04-19,6.9,82,3.5
2013-04-20,5.7,60,0.1
2013-04-21,6.6,60,0.0
2013-04-22,6.1,60,0.2
2013-04-23,7.3,74,1.5
2013-04-24,7.9,59,0.0
2013-04-25,8.3,57,0.2
2013-04-26,6.2,76,1.8
2013-04-27,5.3,72,0.2
2013-04-28,6.2,72,0.1
2013-04-29,7.0,72,1.2
2013-04-30,7.6,65,0.4
2013-05-01,7.2,63,0.0
2013-05-02,7.2,52,0.0
2013-05-03,7.8,51,0.0
2013-05-04,10.6,51,0.0
2013-05-05,11.3,55,0.0
2013-05-06,12.1,65,0.0
2013-05-07,14.2,61,0.0
2013-05-08,13.8,63,2.7
2013-05-09,15.1,77,7.2
2013-05-10,14.3,74,1.2
2013-05-11,12.6,64,0.2
2013-05-12,13.2,69,0.4
2013-05-13,12.4,71,0.7
2013-05-14,9.0,80,5.4
2013-05-15,9.7,66,0.0
2013-05-16,12.5,58,0.0
2013-05-17,15.0,67,0.4
2013-05-18,15.6,82,1.7
2013-05-19,16.0,81,5.6
2013-05-20,16.2,78,0.0
2013-05-21,13.6,92,5.5
2013-05-22,12.6,89,2.7
2013-05-23,12.6,81,0.1
2013-05-24,13.4,76,0.0
2013-05-25,13.3,71,0.0
2013-05-26,13.2,76,5.0
2013-05-27,13.3,78,0.7
2013-05-28,15.6,73,0.2
2013-05-29,14.6,83,5.2
2013-05-30,16.4,81,2.7
2013-05-31,16.2,77,0.0
2013-06-01,15.7,85,11.5
2013-06-02,18.2,82,0.1
2013-06-03,15.9,82,8.7
2013-06-04,11.7,63,0.0
2013-06-05,14.0,68,0.0
2013-06-06,15.7,73,0.6
2013-06-07,17.5,63,0.0
2013-06-08,15.9,67,0.6
2013-06-09,12.8,89,14.5
2013-06-10,12.1,87,6.7
2013-06-11,13.6,75,0.7
2013-06-12,16.5,68,0.0
2013-06-13,15.0,90,8.1
2013-06-14,15.0,84,6.6
2013-06-15,15.1,65,0.0
2013-06-16,13.8,72,8.3
2013-06-17,15.0,70,0.5
2013-06-18,14.5,77,6.4
2013-06-19,15.3,70,0.0
2013-06-20,17.6,77,2.9
2013-06-21,17.6,83,0.0
2013-06-22,18.1,78,0.7
2013-06-23,18.5,73,0.3
2013-06-24,18.5,73,0.3
2013-06-25,19.0,70,0.1
2013-06-26,18.3,84,6.2
2013-06-27,17.7,79,0.0
2013-06-28,17.0,72,0.3
2013-06-29,16.2,71,0.0
2013-06-30,16.2,79,0.1
2013-07-01,16.6,65,0.0
2013-07-02,16.4,68,0.0
2013-07-03,16.0,62,0.0
2013-07-04,16.3,79,2.2
2013-07-05,18.5,76,0.0
2013-07-06,18.3,61,0.0
2013-07-07,21.1,60,0.0
2013-07-08,18.1,54,0.0
2013-07-09,19.7,60,0.0
2013-07-10,16.1,70,1.8
2013-07-11,16.0,59,0.1
2013-07-12,17.1,64,0.0
2013-07-13,19.7,62,0.0
2013-07-14,15.5,76,2.3
2013-07-15,17.4,65,0.0
2013-07-16,17.4,53,0.0
2013-07-17,18.6,58,0.0
2013-07-18,20.2,65,0.0
2013-07-19,16.4,55,0.0
2013-07-20,16.5,59,0.0
2013-07-21,17.1,57,0.0
2013-07-22,15.6,52,0.0
2013-07-23,14.7,73,0.0
2013-07-24,18.3,72,0.0
2013-07-25,19.4,75,0.0
2013-07-26,20.8,70,0.0
2013-07-27,21.0,70,0.7
2013-07-28,20.2,76,3.2
2013-07-29,19.2,86,6.6
2013-07-30,17.5,95,15.2
2013-07-31,16.4,86,4.2
2013-08-01,16.1,84,5.0
2013-08-02,19.1,71,0.0
2013-08-03,21.0,64,0.0
2013-08-04,20.1,68,1.8
2013-08-05,19.6,64,0.0
2013-08-06,19.7,74,0.6
2013-08-07,19.9,79,0.8
2013-08-08,18.6,84,9.5
2013-08-09,17.6,86,3.3
2013-08-10,17.0,84,0.3
2013-08-11,16.1,88,9.8
2013-08-12,15.2,77,1.3
2013-08-13,15.0,76,1.6
2013-08-14,13.8,88,7.5
2013-08-15,15.7,70,0.0
2013-08-16,16.5,76,0.2
2013-08-17,17.8,82,0.4
2013-08-18,18.0,82,2.5
2013-08-19,16.5,71,0.0
2013-08-20,16.5,69,0.0
2013-08-21,16.6,71,0.0
2013-08-22,15.7,67,0.1
2013-08-23,14.2,70,0.0
2013-08-24,14.3,76,0.0
2013-08-25,15.3,74,0.0
2013-08-26,16.8,66,0.0
2013-08-27,17.5,68,0.0
2013-08-28,17.2,71,0.0
2013-08-29,15.2,84,2.3
2013-08-30,15.5,79,0.0
2013-08-31,15.2,91,3.2
2013-09-01,13.3,74,0.3
2013-09-02,11.7,81,4.7
2013-09-03,13.8,74,0.0
2013-09-04,15.5,79,0.0
2013-09-05,16.3,80,0.0
2013-09-06,15.7,81,0.0
2013-09-07,16.1,78,0.0
2013-09-08,16.0,74,0.0
2013-09-09,14.7,81,0.0
2013-09-10,16.0,86,0.0
2013-09-11,15.2,92,4.5
2013-09-12,14.7,86,0.0
2013-09-13,15.5,88,1.2
2013-09-14,15.2,86,0.3
2013-09-15,14.7,85,0.5
2013-09-16,14.1,87,6.5
2013-09-17,11.8,88,4.0
2013-09-18,11.9,86,2.1
2013-09-19,11.2,91,3.7
2013-09-20,11.8,81,0.1
2013-09-21,11.1,77,0.0
2013-09-22,11.3,78,0.0
2013-09-23,9.9,63,1.3
2013-09-24,7.7,88,4.3
2013-09-25,5.9,77,0.0
2013-09-26,4.8,68,0.0
2013-09-27,6.0,78,2.1
2013-09-28,7.4,84,0.1
2013-09-29,7.4,89,0.5
2013-09-30,6.5,91,1.6
2013-10-01,5.6,74,0.0
2013-10-02,4.5,80,0.0
2013-10-03,5.5,81,0.0
2013-10-04,6.9,81,0.0
2013-10-05,9.6,87,4.3
2013-10-06,9.8,93,0.0
2013-10-07,12.4,86,0.0
2013-10-08,13.5,90,1.4
2013-10-09,11.9,90,1.5
2013-10-10,9.1,92,3.0
2013-10-11,7.1,79,0.0
2013-10-12,7.2,88,0.0
2013-10-13,7.1,90,0.0
2013-10-14,8.6,89,0.0
2013-10-15,7.6,85,0.0
2013-10-16,6.0,74,0.0
2013-10-17,5.9,94,10.9
2013-10-18,2.7,80,3.7
2013-10-19,1.9,84,0.0
2013-10-20,-0.0,87,0.0
2013-10-21,1.1,83,0.0
2013-10-22,5.7,91,7.6
2013-10-23,11.6,98,0.2
2013-10-24,11.2,80,0.0
2013-10-25,7.4,86,0.0
2013-10-26,9.9,93,1.0
2013-10-27,11.9,91,1.6
2013-10-28,10.1,91,9.7
2013-10-29,8.8,91,2.9
2013-10-30,6.1,93,0.9
2013-10-31,6.3,95,0.7
2013-11-01,7.8,93,1.0
2013-11-02,6.0,95,0.0
2013-11-03,5.7,98,4.0
2013-11-04,5.6,94,0.2
2013-11-05,4.6,97,10.1
2013-11-06,4.2,94,0.0
2013-11-07,3.7,96,4.8
2013-11-08,5.4,92,0.4
2013-11-09,5.4,95,9.2
2013-11-10,3.9,96,3.2
2013-11-11,0.3,92,0.0
2013-11-12,4.9,93,1.6
2013-11-13,3.6,87,0.0
2013-11-14,0.8,96,0.0
2013-11-15,4.7,98,1.7
2013-11-16,8.0,85,0.0
2013-11-17,5.8,67,0.0
2013-11-18,3.9,87,0.0
2013-11-19,5.5,96,1.4
2013-11-20,1.7,89,0.0
2013-11-21,2.2,98,4.2
2013-11-22,0.5,92,0.0
2013-11-23,-0.9,93,0.0
2013-11-24,-1.1,68,0.0
2013-11-25,-1.4,65,0.0
2013-11-26,-1.6,83,0.3
2013-11-27,3.4,97,0.4
2013-11-28,4.1,58,0.0
2013-11-29,-0.5,84,0.0
2013-11-30,-2.0,93,0.0
2013-12-01,2.2,67,0.0
2013-12-02,0.0,68,0.0
2013-12-03,3.4,92,0.6
2013-12-04,0.4,98,3.1
2013-12-05,1.1,89,4.6
2013-12-06,0.3,95,12.7
2013-12-07,-5.2,77,0.9
2013-12-08,-8.1,86,0.0
2013-12-09,-6.1,90,0.0
2013-12-10,-0.1,95,1.1
2013-12-11,2.7,98,0.0
2013-12-12,5.2,83,0.0
2013-12-13,1.0,67,0.0
2013-12-14,0.1,93,4.4
2013-12-15,2.8,99,2.5
2013-12-16,5.4,96,0.0
2013-12-17,4.3,84,0.0
2013-12-18,1.0,98,0.0
2013-12-19,3.5,98,3.0
2013-12-20,2.8,92,1.3
2013-12-21,4.8,89,1.8
2013-12-22,5.8,80,1.5
2013-12-23,3.6,82,0.5
2013-12-24,4.9,94,5.9
2013-12-25,6.2,93,2.2
2013-12-26,2.7,93,0.0
2013-12-27,2.2,99,7.6
2013-12-28,4.6,97,2.5
2013-12-29,3.9,88,0.0
2013-12-30,2.1,90,0.0
2013-12-31,3.2,84,0.1
2014-01-01,2.4,90,0.0
2014-01-02,3.1,89,0.0
2014-01-03,3.2,95,1.6
2014-01-04,4.3,98,5.0
2014-01-05,2.5,99,0.0
2014-01-06,3.0,98,2.3
2014-01-07,5.8,98,0.0
2014-01-08,5.7,97,1.6
2014-01-09,5.1,97,3.9
2014-01-10,-0.2,86,9.3
2014-01-11,-3.3,76,1.2
2014-01-12,-6.5,79,1.5
2014-01-13,-7.0,84,0.0
2014-01-14,-6.5,83,0.0
2014-01-15,-6.0,82,0.0
2014-01-16,-5.9,85,0.0
2014-01-17,-6.6,84,0.0
2014-01-18,-5.3,84,0.0
2014-01-19,-4.3,78,0.0
2014-01-20,-4.1,78,0.0
2014-01-21,-4.7,83,0.0
2014-01-22,-6.3,83,0.0
2014-01-23,-6.5,82,0.0
2014-01-24,-5.8,81,0.0
2014-01-25,-5.4,79,0.0
2014-01-26,-4.5,79,0.0
2014-01-27,-3.6,78,0.4
2014-01-28,-2.5,81,0.0
2014-01-29,-4.3,77,0.0
2014-01-30,-4.5,79,2.2
2014-01-31,-4.2,80,5.4
2014-02-01,-0.5,92,0.3
2014-02-02,0.9,97,1.0
2014-02-03,0.5,97,0.0
2014-02-04,0.3,95,0.0
2014-02-05,-0.6,93,0.0
2014-02-06,0.1,93,0.0
2014-02-07,1.2,98,6.5
2014-02-08,2.4,96,2.1
2014-02-09,2.2,97,2.2
2014-02-10,1.7,99,1.8
2014-02-11,1.1,97,0.2
2014-02-12,0.6,95,0.0
2014-02-13,0.3,94,2.5
2014-02-14,1.0,96,0.0
2014-02-15,1.1,93,3.2
2014-02-16,3.1,91,0.6
2014-02-17,2.1,86,0.1
2014-02-18,-0.2,74,0.0
2014-02-19,-1.1,86,0.3
2014-02-20,-0.6,88,2.1
2014-02-21,0.5,95,11.4
2014-02-22,2.2,94,1.0
2014-02-23,4.8,83,0.0
2014-02-24,6.3,76,0.0
2014-02-25,2.9,83,0.0
2014-02-26,1.7,86,0.0
2014-02-27,2.0,92,0.2
2014-02-28,2.1,96,1.2
2014-03-01,1.2,95,0.8
2014-03-02,1.0,95,3.8
2014-03-03,1.9,92,0.1
2014-03-04,2.1,91,0.0
2014-03-05,1.7,87,0.0
2014-03-06,2.6,87,0.0
2014-03-07,5.7,79,1.2
2014-03-08,5.5,62,0.8
2014-03-09,7.7,61,0.0
2014-03-10,5.7,85,2.0
2014-03-11,4.5,62,0.0
2014-03-12,5.5,64,0.0
2014-03-13,5.1,69,0.0
2014-03-14,5.4,63,3.3
2014-03-15,1.7,73,13.6
2014-03-16,-1.9,61,0.0
2014-03-17,-0.7,84,5.6
2014-03-18,-2.0,82,0.8
2014-03-19,-2.0,91,8.9
2014-03-20,1.9,88,2.1
2014-03-21,7.0,65,0.0
2014-03-22,4.3,74,0.0
2014-03-23,3.7,78,0.2
2014-03-24,3.4,79,0.0
2014-03-25,3.2,76,0.0
2014-03-26,3.3,65,1.3
2014-03-27,3.9,66,0.0
2014-03-28,3.8,69,0.0
2014-03-29,5.1,74,0.0
2014-03-30,4.8,73,0.0
2014-03-31,2.6,76,3.1
2014-04-01,1.1,74,0.0
2014-04-02,2.1,72,0.0
2014-04-03,2.0,67,0.0
2014-04-04,2.0,65,0.0
2014-04-05,3.6,61,0.2
2014-04-06,5.3,83,0.4
2014-04-07,3.7,96,8.3
2014-04-08,3.2,96,6.1
2014-04-09,2.2,77,4.6
2014-04-10,3.4,73,0.0
2014-04-11,6.0,83,0.8
2014-04-12,6.6,72,1.6
2014-04-13,7.5,75,1.5
2014-04-14,6.9,67,1.4
2014-04-15,5.1,63,0.0
2014-04-16,5.7,58,0.0
2014-04-17,8.4,57,0.3
2014-04-18,7.7,84,1.3
2014-04-19,8.1,81,0.0
2014-04-20,9.6,67,0.0
2014-04-21,10.5,65,0.0
2014-04-22,9.2,63,0.0
2014-04-23,5.7,52,0.0
2014-04-24,5.5,60,0.0
2014-04-25,7.5,57,0.0
2014-04-26,9.4,55,0.0
2014-04-27,11.3,53,0.0
2014-04-28,13.5,48,0.0
2014-04-29,8.3,66,0.7
2014-04-30,5.9,69,7.0
2014-05-01,3.5,75,7.2
2014-05-02,5.1,57,0.4
2014-05-03,5.7,62,0.2
2014-05-04,4.1,62,0.5
2014-05-05,4.3,66,0.6
2014-05-06,5.1,62,0.0
2014-05-07,5.6,71,0.1
2014-05-08,5.4,94,5.3
2014-05-09,7.7,95,6.1
2014-05-10,7.2,93,0.5
2014-05-11,8.2,87,2.6
2014-05-12,8.5,86,2.5
2014-05-13,9.2,75,0.0
2014-05-14,7.9,72,0.2
2014-05-15,9.0,67,0.1
2014-05-16,13.0,68,0.2
2014-05-17,14.0,67,0.0
2014-05-18,14.8,59,0.0
2014-05-19,14.3,88,13.2
2014-05-20,14.6,80,0.0
2014-05-21,16.6,75,0.0
2014-05-22,18.2,66,0.0
2014-05-23,18.7,69,0.0
2014-05-24,19.5,68,0.0
2014-05-25,18.9,71,0.0
2014-05-26,14.1,69,0.2
2014-05-27,7.9,65,0.0
2014-05-28,7.7,67,0.0
2014-05-29,10.2,63,0.0
2014-05-30,9.0,90,4.4
2014-05-31,11.2,88,2.8
2014-06-01,13.2,71,0.0
2014-06-02,12.8,70,0.0
2014-06-03,12.1,87,6.3
2014-06-04,13.8,89,0.0
2014-06-05,15.8,80,0.0
2014-06-06,15.3,82,0.1
2014-06-07,15.4,75,1.0
2014-06-08,17.0,79,4.0
2014-06-09,18.9,70,0.2
2014-06-10,17.9,67,0.0
2014-06-11,17.3,79,5.1
2014-06-12,16.2,85,15.8
2014-06-13,13.2,78,1.3
2014-06-14,11.5,55,0.0
2014-06-15,14.7,59,0.0
2014-06-16,12.8,56,0.0
2014-06-17,10.7,63,0.4
2014-06-18,14.5,64,0.0
2014-06-19,11.7,85,7.9
2014-06-20,11.2,63,1.3
2014-06-21,10.7,55,0.0
2014-06-22,9.9,71,2.9
2014-06-23,9.3,85,6.4
2014-06-24,12.2,77,0.2
2014-06-25,11.6,62,0.0
2014-06-26,11.8,62,0.0
2014-06-27,12.6,67,0.9
2014-06-28,12.2,80,6.9
2014-06-29,13.8,88,3.0
2014-06-30,13.4,82,0.9
2014-07-01,13.1,84,2.2
2014-07-02,14.7,78,3.4
2014-07-03,15.0,81,3.2
2014-07-04,17.0,71,0.4
2014-07-05,18.5,72,0.0
2014-07-06,18.9,71,0.0
2014-07-07,21.0,75,0.0
2014-07-08,21.9,72,0.0
2014-07-09,21.6,59,0.0
2014-07-10,20.7,65,0.1
2014-07-11,17.2,63,0.0
2014-07-12,17.7,63,0.0
2014-07-13,19.2,77,1.6
2014-07-14,17.9,77,1.0
2014-07-15,18.7,77,2.8
2014-07-16,19.4,70,0.0
2014-07-17,20.2,68,0.2
2014-07-18,20.2,66,0.0
2014-07-19,19.3,80,9.2
2014-07-20,19.7,76,0.0
2014-07-21,20.5,80,4.9
2014-07-22,21.5,73,0.0
2014-07-23,23.0,60,0.0
2014-07-24,24.1,57,0.0
2014-07-25,24.1,63,0.0
2014-07-26,23.9,62,0.0
2014-07-27,22.2,79,8.2
2014-07-28,23.2,73,0.4
2014-07-29,23.6,69,0.3
2014-07-30,21.6,87,12.1
2014-07-31,20.6,68,3.4
2014-08-01,20.2,61,0.0
2014-08-02,21.0,69,0.0
2014-08-03,22.3,81,1.8
2014-08-04,24.5,68,0.0
2014-08-05,23.8,77,0.2
2014-08-06,21.9,83,5.5
2014-08-07,19.4,82,11.8
2014-08-08,20.8,65,0.0
2014-08-09,20.9,72,0.0
2014-08-10,19.9,70,1.2
2014-08-11,17.7,86,11.4
2014-08-12,16.9,70,0.6
2014-08-13,16.0,76,0.6
2014-08-14,17.0,73,0.0
2014-08-15,16.4,85,1.5
2014-08-16,16.2,77,0.1
2014-08-17,15.4,81,2.6
2014-08-18,14.8,79,2.7
2014-08-19,14.4,76,1.6
2014-08-20,14.2,81,0.5
2014-08-21,14.4,77,0.3
2014-08-22,14.1,76,1.1
2014-08-23,13.1,88,4.9
2014-08-24,13.3,79,0.3
2014-08-25,13.8,80,0.4
2014-08-26,12.2,94,7.9
2014-08-27,15.1,64,0.0
2014-08-28,14.2,68,0.0
2014-08-29,13.3,84,2.7
2014-08-30,12.6,84,0.3
2014-08-31,12.6,77,0.0
2014-09-01,13.4,80,0.0
2014-09-02,14.5,81,0.1
2014-09-03,15.5,83,0.0
2014-09-04,16.7,73,0.0
2014-09-05,15.6,75,0.0
2014-09-06,14.7,85,0.0
2014-09-07,15.4,85,0.0
2014-09-08,15.8,88,3.7
2014-09-09,14.5,86,0.7
2014-09-10,14.4,84,0.9
2014-09-11,13.9,84,0.0
2014-09-12,13.9,86,0.2
2014-09-13,13.7,84,0.3
2014-09-14,12.4,85,0.0
2014-09-15,13.2,85,0.0
2014-09-16,12.9,86,0.0
2014-09-17,12.9,85,0.0
2014-09-18,13.2,87,0.0
2014-09-19,14.0,86,0.0
2014-09-20,13.6,90,0.0
2014-09-21,12.3,93,12.3
2014-09-22,8.7,87,52.9
2014-09-23,5.8,70,0.7
2014-09-24,6.2,86,0.9
2014-09-25,7.8,94,4.9
2014-09-26,10.5,86,1.1
2014-09-27,12.2,61,0.0
2014-09-28,12.4,76,0.0
2014-09-29,12.2,75,0.0
2014-09-30,8.3,72,0.0
2014-10-01,7.2,89,0.0
2014-10-02,10.5,93,0.7
2014-10-03,11.4,93,1.5
2014-10-04,11.8,92,0.5
2014-10-05,11.4,93,1.4
2014-10-06,8.3,76,0.0
2014-10-07,8.4,89,5.7
2014-10-08,10.7,90,19.2
2014-10-09,10.5,97,2.8
2014-10-10,11.3,90,0.2
2014-10-11,10.7,84,0.0
2014-10-12,9.3,97,15.3
2014-10-13,9.3,94,0.1
2014-10-14,8.7,92,0.4
2014-10-15,7.2,86,0.1
2014-10-16,5.7,82,0.2
2014-10-17,5.0,76,0.0
2014-10-18,5.9,83,1.3
2014-10-19,11.4,98,12.1
2014-10-20,9.1,93,5.0
2014-10-21,6.7,80,0.0
2014-10-22,4.5,64,0.0
2014-10-23,3.8,67,0.0
2014-10-24,7.6,83,1.2
2014-10-25,8.8,94,2.6
2014-10-26,10.6,84,0.0
2014-10-27,13.2,79,0.0
2014-10-28,14.0,77,0.0
2014-10-29,9.3,79,0.3
2014-10-30,3.5,91,0.0
2014-10-31,1.4,94,0.0
2014-11-01,4.2,97,5.9
2014-11-02,10.1,98,1.2
2014-11-03,10.4,95,1.4
2014-11-04,9.9,92,1.2
2014-11-05,4.3,73,0.0
2014-11-06,1.7,86,8.2
2014-11-07,2.3,92,0.0
2014-11-08,3.2,91,0.0
2014-11-09,6.1,97,0.0
2014-11-10,7.6,97,2.2
2014-11-11,8.1,98,2.4
2014-11-12,6.2,95,0.0
2014-11-13,6.7,88,0.0
2014-11-14,6.7,85,0.0
2014-11-15,6.1,84,0.0
2014-11-16,5.5,80,0.0
2014-11-17,4.8,81,0.0
2014-11-18,4.6,83,0.0
2014-11-19,3.6,79,0.0
2014-11-20,4.1,89,0.0
2014-11-21,3.3,94,0.5
2014-11-22,2.1,95,0.0
2014-11-23,3.3,95,0.0
2014-11-24,5.5,90,5.1
2014-11-25,4.0,97,0.0
2014-11-26,-0.2,99,0.0
2014-11-27,1.3,99,0.0
2014-11-28,1.8,97,0.0
2014-11-29,0.3,87,0.0
2014-11-30,0.1,94,0.0
2014-12-01,-0.4,96,0.0
2014-12-02,0.4,90,0.0
2014-12-03,-0.1,94,0.0
2014-12-04,0.6,97,0.0
2014-12-05,1.0,96,0.6
2014-12-06,0.3,99,2.8
2014-12-07,1.2,96,1.3
2014-12-08,2.4,96,0.3
2014-12-09,1.7,95,0.0
2014-12-10,2.0,93,6.1
2014-12-11,2.6,86,0.0
2014-12-12,1.3,90,0.2
2014-12-13,0.8,93,4.2
2014-12-14,-0.1,92,0.0
2014-12-15,2.8,91,4.8
2014-12-16,0.7,84,0.1
2014-12-17,-0.8,95,0.1
2014-12-18,0.1,96,4.4
2014-12-19,2.4,97,2.3
2014-12-20,-0.8,87,0.0
2014-12-21,-2.1,71,0.0
2014-12-22,-1.0,95,2.6
2014-12-23,-3.0,94,0.0
2014-12-24,-3.9,85,0.0
2014-12-25,-7.7,75,0.0
2014-12-26,-8.8,65,0.0
2014-12-27,-10.8,82,0.0
2014-12-28,-10.7,86,0.0
2014-12-29,-8.9,91,0.1
2014-12-30,-1.4,89,3.5
2014-12-31,0.7,94,0.0
2015-01-01,3.1,96,0.2
2015-01-02,4.2,86,2.1
2015-01-03,1.2,55,0.0
2015-01-04,-0.6,53,0.0
2015-01-05,-2.2,76,0.0
2015-01-06,-2.0,84,0.2
2015-01-07,-0.3,86,2.1
2015-01-08,1.9,98,3.0
2015-01-09,-1.4,96,0.0
2015-01-10,-3.0,93,10.2
2015-01-11,-1.9,90,5.5
2015-01-12,-5.0,88,5.7
2015-01-13,1.1,81,1.4
2015-01-14,0.9,88,0.0
2015-01-15,0.4,90,4.9
2015-01-16,2.8,87,2.9
2015-01-17,1.2,85,1.2
2015-01-18,0.8,92,0.9
2015-01-19,-1.5,95,2.7
2015-01-20,-1.0,90,0.0
2015-01-21,-0.9,87,3.3
2015-01-22,-1.5,93,3.7
2015-01-23,-4.6,93,1.7
2015-01-24,-2.6,88,0.3
2015-01-25,-1.5,94,0.0
2015-01-26,-2.0,94,4.3
2015-01-27,-1.1,96,2.6
2015-01-28,-0.2,92,1.0
2015-01-29,0.7,92,3.9
2015-01-30,-0.5,93,1.0
2015-01-31,0.5,96,14.8
2015-02-01,-0.2,94,7.7
2015-02-02,-3.5,89,4.7
2015-02-03,-2.4,89,1.7
2015-02-04,-3.2,94,0.1
2015-02-05,-4.2,91,0.0
2015-02-06,-1.3,87,0.0
2015-02-07,-1.1,77,0.3
2015-02-08,-2.9,62,0.8
2015-02-09,2.7,80,0.0
2015-02-10,0.8,88,0.0
2015-02-11,-0.3,89,0.0
2015-02-12,0.8,92,0.0
2015-02-13,-0.6,95,0.0
2015-02-14,0.2,92,0.0
2015-02-15,-2.3,78,0.0
2015-02-16,-2.1,75,0.0
2015-02-17,-0.5,83,0.0
2015-02-18,2.6,89,0.0
2015-02-19,3.9,92,0.0
2015-02-20,2.9,89,0.0
2015-02-21,1.0,93,1.0
2015-02-22,0.4,91,4.5
2015-02-23,0.4,91,2.8
2015-02-24,1.0,92,0.1
2015-02-25,2.1,86,0.0
2015-02-26,0.9,89,0.0
2015-02-27,1.2,91,0.0
2015-02-28,1.6,90,0.0
2015-03-01,1.4,83,2.3
2015-03-02,2.5,91,0.0
2015-03-03,1.3,93,2.3
2015-03-04,0.8,87,0.0
2015-03-05,1.0,83,0.0
2015-03-06,2.5,89,3.8
2015-03-07,3.9,87,0.0
2015-03-08,9.1,79,0.0
2015-03-09,5.9,71,0.0
2015-03-10,5.7,68,0.2
2015-03-11,3.6,71,0.0
2015-03-12,1.5,80,0.0
2015-03-13,0.6,81,0.0
2015-03-14,0.7,78,0.0
2015-03-15,2.0,79,0.0
2015-03-16,2.7,80,0.0
2015-03-17,3.3,78,0.0
2015-03-18,3.9,73,0.0
2015-03-19,4.3,74,0.0
2015-03-20,1.5,87,2.9
2015-03-21,-0.9,66,0.1
2015-03-22,-0.9,72,0.0
2015-03-23,3.0,86,1.5
2015-03-24,4.6,70,0.0
2015-03-25,-0.4,66,0.0
2015-03-26,1.7,80,2.2
2015-03-27,4.3,96,3.4
2015-03-28,3.4,86,1.3
2015-03-29,2.7,95,7.4
2015-03-30,3.2,98,6.7
2015-03-31,3.1,85,1.0
2015-04-01,1.9,90,2.1
2015-04-02,1.9,84,0.6
2015-04-03,2.6,79,1.1
2015-04-04,2.1,80,0.4
2015-04-05,2.1,85,2.5
2015-04-06,4.2,71,0.0
2015-04-07,7.3,64,0.0
2015-04-08,7.0,50,0.0
2015-04-09,7.7,54,0.0
2015-04-10,8.2,73,0.0
2015-04-11,7.5,81,0.0
2015-04-12,7.4,72,0.6
2015-04-13,6.4,60,0.5
2015-04-14,4.0,62,1.0
2015-04-15,5.9,78,0.5
2015-04-16,5.4,76,2.5
2015-04-17,3.5,81,0.5
2015-04-18,5.6,68,0.0
2015-04-19,8.6,60,0.0
2015-04-20,9.0,61,0.0
2015-04-21,8.7,63,0.0
2015-04-22,9.5,60,0.0
2015-04-23,9.9,44,0.0
2015-04-24,7.5,45,0.0
2015-04-25,8.4,75,0.2
2015-04-26,10.1,64,1.3
2015-04-27,8.6,58,0.0
2015-04-28,7.9,57,0.0
2015-04-29,6.5,77,4.7
2015-04-30,7.4,69,0.1
2015-05-01,7.9,79,2.1
2015-05-02,6.7,80,2.8
2015-05-03,7.2,68,0.2
2015-05-04,6.9,86,3.2
2015-05-05,9.8,84,0.0
2015-05-06,11.7,80,5.3
2015-05-07,11.8,71,0.3
2015-05-08,9.1,59,0.2
2015-05-09,9.7,55,0.0
2015-05-10,7.6,86,5.6
2015-05-11,10.8,70,0.0
2015-05-12,12.5,70,3.0
2015-05-13,8.9,94,18.9
2015-05-14,9.0,63,0.1
2015-05-15,6.8,67,0.8
2015-05-16,8.1,66,0.5
2015-05-17,5.5,98,11.8
2015-05-18,7.4,83,3.1
2015-05-19,7.8,83,1.9
2015-05-20,10.4,74,0.0
2015-05-21,11.4,73,0.0
2015-05-22,11.0,72,0.6
2015-05-23,11.5,61,0.9
2015-05-24,12.5,60,0.0
2015-05-25,11.9,74,0.4
2015-05-26,11.9,73,0.8
2015-05-27,11.0,77,1.0
2015-05-28,11.8,71,1.5
2015-05-29,11.2,69,1.8
2015-05-30,9.7,86,15.8
2015-05-31,10.8,68,0.4
2015-06-01,11.3,70,6.5
2015-06-02,11.0,70,3.9
2015-06-03,12.9,72,3.4
2015-06-04,13.2,54,0.1
2015-06-05,14.1,60,0.0
2015-06-06,14.2,69,1.7
2015-06-07,13.1,61,0.5
2015-06-08,11.4,71,3.1
2015-06-09,12.8,61,0.0
2015-06-10,15.1,59,0.0
2015-06-11,16.0,60,0.0
2015-06-12,18.3,56,0.0
2015-06-13,17.5,58,0.0
2015-06-14,13.6,83,6.0
2015-06-15,12.2,62,0.2
2015-06-16,12.5,57,0.8
2015-06-17,13.1,67,2.7
2015-06-18,11.6,91,4.5
2015-06-19,11.2,91,5.0
2015-06-20,13.1,85,2.9
2015-06-21,13.1,81,0.2
2015-06-22,13.7,81,1.7
2015-06-23,14.5,80,6.1
2015-06-24,13.6,90,10.3
2015-06-25,14.1,77,0.1
2015-06-26,13.4,81,5.2
2015-06-27,14.6,74,0.0
2015-06-28,17.0,71,0.1
2015-06-29,16.8,73,0.0
2015-06-30,16.9,78,0.0
2015-07-01,18.6,73,0.0
2015-07-02,22.4,61,0.0
2015-07-03,23.1,56,0.0
2015-07-04,21.7,70,0.1
2015-07-05,19.4,72,2.9
2015-07-06,16.6,85,11.2
2015-07-07,17.0,66,0.0
2015-07-08,15.2,91,15.2
2015-07-09,14.5,90,17.5
2015-07-10,12.8,91,9.0
2015-07-11,16.0,77,1.3
2015-07-12,15.5,76,0.0
2015-07-13,14.5,72,0.0
2015-07-14,16.4,72,0.0
2015-07-15,16.8,83,7.5
2015-07-16,15.3,90,9.3
2015-07-17,14.4,78,2.2
2015-07-18,15.4,78,5.6
2015-07-19,15.9,69,0.2
2015-07-20,15.6,85,3.8
2015-07-21,14.9,85,3.6
2015-07-22,16.0,80,0.1
2015-07-23,16.3,73,0.9
2015-07-24,16.0,65,0.0
2015-07-25,14.6,79,13.4
2015-07-26,16.6,87,4.0
2015-07-27,15.4,74,0.8
2015-07-28,15.3,82,0.4
2015-07-29,15.9,81,2.0
2015-07-30,14.4,93,14.3
2015-07-31,14.4,83,1.4
2015-08-01,15.3,70,0.0
2015-08-02,15.4,73,0.3
2015-08-03,16.1,70,0.0
2015-08-04,16.8,70,0.0
2015-08-05,17.9,87,7.5
2015-08-06,18.1,79,0.0
2015-08-07,19.3,74,0.0
2015-08-08,19.0,78,0.0
2015-08-09,17.9,78,0.1
2015-08-10,18.5,70,0.0
2015-08-11,17.7,78,1.6
2015-08-12,17.4,79,0.0
2015-08-13,16.2,67,0.0
2015-08-14,17.2,68,0.0
2015-08-15,17.1,72,0.0
2015-08-16,17.2,74,0.0
2015-08-17,16.1,72,0.0
2015-08-18,16.8,74,0.0
2015-08-19,16.9,73,0.0
2015-08-20,16.6,73,0.0
2015-08-21,17.1,71,0.0
2015-08-22,17.0,76,0.0
2015-08-23,17.3,76,0.0
2015-08-24,18.8,77,0.0
2015-08-25,20.0,73,3.3
2015-08-26,17.4,76,3.4
2015-08-27,18.0,81,0.6
2015-08-28,16.9,70,0.0
2015-08-29,16.5,65,0.0
2015-08-30,16.1,71,0.0
2015-08-31,16.1,75,0.0
2015-09-01,14.4,92,8.3
2015-09-02,13.6,98,17.9
2015-09-03,14.5,83,0.1
2015-09-04,12.8,91,5.1
2015-09-05,13.0,83,0.0
2015-09-06,11.6,90,11.7
2015-09-07,12.5,67,0.1
2015-09-08,11.7,68,0.0
2015-09-09,11.9,77,0.0
2015-09-10,12.9,84,0.0
2015-09-11,12.3,88,0.0
2015-09-12,13.8,81,0.3
2015-09-13,13.9,83,0.0
2015-09-14,14.6,82,0.5
2015-09-15,14.1,87,3.2
2015-09-16,14.2,85,1.7
2015-09-17,15.2,96,12.5
2015-09-18,14.3,89,13.6
2015-09-19,13.5,87,3.3
2015-09-20,11.9,80,0.0
2015-09-21,11.0,84,0.0
2015-09-22,10.9,88,2.5
2015-09-23,12.5,96,1.6
2015-09-24,12.1,97,4.6
2015-09-25,12.4,80,0.0
2015-09-26,10.7,81,0.0
2015-09-27,9.8,78,0.0
2015-09-28,10.0,79,0.0
2015-09-29,9.9,81,0.0
2015-09-30,11.4,84,0.0
2015-10-01,12.1,83,0.0
2015-10-02,13.5,64,0.0
2015-10-03,10.2,76,0.0
2015-10-04,10.2,88,0.0
2015-10-05,8.0,78,0.0
2015-10-06,6.1,75,0.0
2015-10-07,6.9,67,0.0
2015-10-08,6.5,69,0.0
2015-10-09,3.8,80,0.0
2015-10-10,2.3,90,0.0
2015-10-11,3.5,91,0.0
2015-10-12,4.2,89,0.0
2015-10-13,5.4,89,0.0
2015-10-14,4.8,89,0.0
2015-10-15,5.3,90,0.0
2015-10-16,3.8,93,0.0
2015-10-17,1.0,98,0.0
2015-10-18,3.7,97,0.0
2015-10-19,4.3,99,0.0
2015-10-20,5.2,98,0.0
2015-10-21,7.1,89,1.1
2015-10-22,10.0,88,0.7
2015-10-23,9.6,74,0.0
2015-10-24,6.8,86,0.0
2015-10-25,8.4,80,1.5
2015-10-26,5.2,77,0.0
2015-10-27,6.3,81,0.0
2015-10-28,2.9,84,0.0
2015-10-29,2.5,93,0.0
2015-10-30,2.5,93,0.0
2015-10-31,6.4,91,0.0
2015-11-01,7.5,93,0.1
2015-11-02,8.3,84,0.0
2015-11-03,6.7,93,0.0
2015-11-04,7.0,93,0.0
2015-11-05,5.2,98,0.0
2015-11-06,7.3,97,0.0
2015-11-07,8.6,97,3.2
2015-11-08,6.7,96,17.8
2015-11-09,6.3,95,4.9
2015-11-10,5.1,95,0.1
2015-11-11,3.4,94,0.0
2015-11-12,4.0,99,4.7
2015-11-13,5.0,98,6.9
2015-11-14,4.5,95,1.5
2015-11-15,3.7,96,0.0
2015-11-16,3.3,96,3.5
2015-11-17,4.5,95,0.0
2015-11-18,3.6,98,0.0
2015-11-19,2.0,97,2.3
2015-11-20,-0.7,83,0.0
2015-11-21,-3.1,73,0.0
2015-11-22,-3.6,74,0.0
2015-11-23,-5.2,88,0.0
2015-11-24,0.3,97,0.0
2015-11-25,1.8,98,3.6
2015-11-26,1.2,99,1.4
2015-11-27,6.2,89,0.0
2015-11-28,4.9,90,2.1
2015-11-29,2.0,93,0.8
2015-11-30,0.8,93,12.3
2015-12-01,0.0,64,0.0
2015-12-02,-0.3,77,0.2
2015-12-03,3.5,97,0.0
2015-12-04,3.6,96,7.4
2015-12-05,7.1,83,1.0
2015-12-06,9.9,80,2.1
2015-12-07,5.3,54,0.0
2015-12-08,0.7,89,0.0
2015-12-09,5.8,90,0.0
2015-12-10,7.4,80,0.9
2015-12-11,4.0,82,0.0
2015-12-12,0.1,87,0.0
2015-12-13,-1.8,83,0.0
2015-12-14,-4.5,90,0.0
2015-12-15,-2.9,94,0.0
2015-12-16,-1.6,96,0.0
2015-12-17,0.4,98,6.7
2015-12-18,5.7,98,0.0
2015-12-19,6.8,97,0.0
2015-12-20,10.7,85,0.0
2015-12-21,7.8,77,0.0
2015-12-22,4.9,87,1.9
2015-12-23,6.8,87,0.0
2015-12-24,5.2,79,0.0
2015-12-25,5.6,74,0.2
2015-12-26,0.5,53,0.0
2015-12-27,-2.4,72,1.7
2015-12-28,-2.3,88,0.0
2015-12-29,-3.0,91,0.0
2015-12-30,-0.2,85,0.0
2015-12-31,0.2,89,0.0
2016-01-01,0.3,76,0.0
2016-01-02,-2.7,60,0.0
2016-01-03,-4.5,65,0.0
2016-01-04,-5.9,74,0.0
2016-01-05,-6.6,72,0.2
2016-01-06,-8.9,76,0.0
2016-01-07,-11.0,79,0.0
2016-01-08,-7.3,74,0.0
2016-01-09,-7.6,78,0.0
2016-01-10,-3.8,83,1.0
2016-01-11,0.3,94,8.9
2016-01-12,-4.0,85,0.7
2016-01-13,-6.9,77,2.1
2016-01-14,-13.3,82,0.0
2016-01-15,-17.5,82,0.0
2016-01-16,-14.5,85,0.0
2016-01-17,-11.2,81,0.0
2016-01-18,-9.4,81,0.0
2016-01-19,-10.4,89,0.0
2016-01-20,-10.2,90,0.0
2016-01-21,-10.0,89,0.0
2016-01-22,-11.6,88,0.0
2016-01-23,-4.1,89,1.1
2016-01-24,-1.8,94,0.0
2016-01-25,-1.9,96,0.0
2016-01-26,2.9,98,0.5
2016-01-27,3.9,97,4.0
2016-01-28,2.5,87,6.9
2016-01-29,3.7,85,1.1
2016-01-30,3.2,69,0.3
2016-01-31,0.4,85,0.2
2016-02-01,-1.5,81,2.8
2016-02-02,3.3,83,0.7
2016-02-03,-0.9,89,4.5
2016-02-04,-2.8,72,0.0
2016-02-05,-1.5,67,0.0
2016-02-06,1.9,94,1.4
2016-02-07,4.0,97,1.0
2016-02-08,3.3,94,1.9
2016-02-09,3.3,98,1.2
2016-02-10,2.2,99,4.9
2016-02-11,0.6,93,1.9
2016-02-12,-1.4,81,2.2
2016-02-13,-2.4,80,1.1
2016-02-14,-2.7,88,0.3
2016-02-15,-5.2,80,0.0
2016-02-16,-6.2,81,0.0
2016-02-17,-2.3,78,0.0
2016-02-18,-0.5,92,1.8
2016-02-19,-1.3,91,0.0
2016-02-20,-0.4,91,3.5
2016-02-21,0.5,91,0.1
2016-02-22,0.1,90,0.0
2016-02-23,-1.1,84,0.1
2016-02-24,-2.3,79,0.0
2016-02-25,-2.4,80,0.0
2016-02-26,-2.1,83,1.0
2016-02-27,-2.8,87,0.0
2016-02-28,-2.6,81,0.0
2016-02-29,-2.2,83,0.0
2016-03-01,-3.2,83,0.0
2016-03-02,-1.0,84,0.0
2016-03-03,1.0,95,0.6
2016-03-04,1.1,99,4.2
2016-03-05,0.5,89,0.0
2016-03-06,0.0,89,0.0
2016-03-07,1.5,93,3.6
2016-03-08,1.1,87,0.0
2016-03-09,-0.4,88,0.0
2016-03-10,0.0,87,0.0
2016-03-11,0.9,81,0.0
2016-03-12,0.4,83,0.0
2016-03-13,0.8,89,0.0
2016-03-14,3.6,87,0.0
2016-03-15,3.7,93,0.0
2016-03-16,4.0,85,0.0
2016-03-17,4.3,71,0.0
2016-03-18,1.0,61,0.3
2016-03-19,0.5,79,1.9
2016-03-20,1.2,84,2.4
2016-03-21,1.1,86,0.0
2016-03-22,0.6,83,0.5
2016-03-23,1.2,90,2.8
2016-03-24,0.8,81,0.0
2016-03-25,3.6,86,0.6
2016-03-26,5.4,83,0.0
2016-03-27,5.4,74,0.0
2016-03-28,5.8,82,0.0
2016-03-29,5.7,82,1.3
2016-03-30,4.3,81,0.0
2016-03-31,3.4,87,0.4
2016-04-01,3.0,72,0.8
2016-04-02,3.9,75,0.5
2016-04-03,6.7,76,0.0
2016-04-04,4.1,82,0.0
2016-04-05,5.9,87,3.6
2016-04-06,5.5,94,3.8
2016-04-07,6.0,86,4.4
2016-04-08,5.7,80,1.5
2016-04-09,4.7,87,1.2
2016-04-10,5.1,75,0.0
2016-04-11,6.4,67,0.0
2016-04-12,6.9,65,0.0
2016-04-13,7.0,61,0.0
2016-04-14,3.8,57,0.0
2016-04-15,6.0,67,0.5
2016-04-16,6.4,80,0.2
2016-04-17,6.4,87,5.5
2016-04-18,7.3,76,0.1
2016-04-19,6.1,70,2.0
2016-04-20,5.9,56,0.0
2016-04-21,6.4,75,6.9
2016-04-22,4.6,80,1.7
2016-04-23,3.4,82,3.3
2016-04-24,2.6,77,1.0
2016-04-25,2.6,79,2.1
2016-04-26,3.7,74,0.6
2016-04-27,3.3,82,2.1
2016-04-28,4.4,92,6.0
2016-04-29,6.3,75,1.2
2016-04-30,7.1,74,0.0
2016-05-01,8.8,73,1.7
2016-05-02,9.6,60,0.0
2016-05-03,11.1,62,0.0
2016-05-04,12.1,60,0.0
2016-05-05,12.1,51,0.0
2016-05-06,12.4,55,0.0
2016-05-07,14.0,53,0.0
2016-05-08,15.3,48,0.0
2016-05-09,16.8,55,0.0
2016-05-10,16.1,56,0.0
2016-05-11,10.5,60,0.0
2016-05-12,10.7,55,0.0
2016-05-13,8.8,70,0.9
2016-05-14,6.6,78,1.7
2016-05-15,6.5,82,8.7
2016-05-16,8.0,83,3.3
2016-05-17,8.8,78,0.5
2016-05-18,11.1,71,0.0
2016-05-19,12.7,65,0.1
2016-05-20,13.7,71,1.2
2016-05-21,12.5,75,0.0
2016-05-22,14.6,74,0.1
2016-05-23,16.5,63,0.0
2016-05-24,16.1,67,0.0
2016-05-25,10.4,78,0.5
2016-05-26,9.5,90,6.9
2016-05-27,10.1,89,4.3
2016-05-28,13.0,79,2.1
2016-05-29,13.5,80,1.6
2016-05-30,15.2,76,0.0
2016-05-31,17.7,69,0.0
2016-06-01,18.4,63,0.0
2016-06-02,19.4,56,0.0
2016-06-03,19.0,57,0.6
2016-06-04,13.9,51,0.0
2016-06-05,11.4,54,0.0
2016-06-06,13.0,48,0.0
2016-06-07,18.4,56,0.2
2016-06-08,14.2,51,2.4
2016-06-09,11.4,48,0.0
2016-06-10,9.2,69,1.5
2016-06-11,10.3,70,0.6
2016-06-12,12.3,60,0.0
2016-06-13,15.7,53,0.0
2016-06-14,15.4,48,0.0
2016-06-15,16.4,57,0.0
2016-06-16,12.9,88,6.9
2016-06-17,15.0,87,0.2
2016-06-18,12.4,99,25.2
2016-06-19,15.0,82,0.5
2016-06-20,15.8,72,0.4
2016-06-21,16.3,78,1.0
2016-06-22,18.4,69,0.0
2016-06-23,18.8,71,0.4
2016-06-24,17.6,89,3.8
2016-06-25,22.0,74,0.0
2016-06-26,17.7,94,13.7
2016-06-27,17.8,72,1.1
2016-06-28,17.2,68,5.2
2016-06-29,16.7,66,0.0
2016-06-30,17.4,72,0.1
2016-07-01,18.1,75,1.0
2016-07-02,17.8,84,7.5
2016-07-03,15.7,70,1.0
2016-07-04,15.7,68,0.0
2016-07-05,16.3,69,0.0
2016-07-06,17.1,62,0.0
2016-07-07,16.6,53,0.0
2016-07-08,17.4,62,0.0
2016-07-09,17.7,78,4.4
2016-07-10,17.8,72,0.2
2016-07-11,17.6,86,15.7
2016-07-12,17.1,80,4.9
2016-07-13,17.1,75,0.3
2016-07-14,17.2,71,0.0
2016-07-15,16.2,83,0.0
2016-07-16,17.6,75,0.0
2016-07-17,17.2,63,0.0
2016-07-18,16.4,72,1.6
2016-07-19,17.3,69,0.0
2016-07-20,18.9,66,0.0
2016-07-21,18.2,61,0.0
2016-07-22,19.4,66,0.0
2016-07-23,19.8,69,0.0
2016-07-24,21.7,67,0.0
2016-07-25,22.7,66,0.7
2016-07-26,20.5,78,7.9
2016-07-27,19.0,64,0.0
2016-07-28,19.2,74,1.1
2016-07-29,19.4,68,0.0
2016-07-30,19.1,76,3.9
2016-07-31,18.0,62,0.0
2016-08-01,17.2,62,0.0
2016-08-02,16.6,64,0.3
2016-08-03,17.0,65,0.0
2016-08-04,17.2,83,10.4
2016-08-05,18.3,76,0.0
2016-08-06,18.2,74,0.7
2016-08-07,17.9,74,0.2
2016-08-08,18.3,65,0.6
2016-08-09,15.3,58,0.1
2016-08-10,13.8,64,1.3
2016-08-11,12.2,76,2.2
2016-08-12,14.0,63,0.1
2016-08-13,17.2,75,2.4
2016-08-14,14.9,71,1.2
2016-08-15,13.9,66,0.3
2016-08-16,15.3,64,0.0
2016-08-17,14.7,77,0.3
2016-08-18,14.7,85,2.8
2016-08-19,15.1,88,3.7
2016-08-20,16.4,82,0.1
2016-08-21,16.6,95,9.0
2016-08-22,17.5,79,1.0
2016-08-23,17.1,78,0.0
2016-08-24,17.5,77,0.0
2016-08-25,18.3,85,8.2
2016-08-26,20.1,81,0.1
2016-08-27,17.9,58,0.0
2016-08-28,13.2,80,5.2
2016-08-29,13.2,98,11.6
2016-08-30,14.6,76,1.5
2016-08-31,16.9,79,0.0
2016-09-01,17.2,73,0.3
2016-09-02,16.0,69,0.0
2016-09-03,14.5,90,10.1
2016-09-04,13.0,81,0.1
2016-09-05,13.4,79,0.0
2016-09-06,15.6,74,0.0
2016-09-07,18.8,69,0.0
2016-09-08,15.4,69,0.0
2016-09-09,16.3,82,0.0
2016-09-10,17.4,79,0.0
2016-09-11,17.7,75,0.0
2016-09-12,15.8,71,0.0
2016-09-13,16.3,81,0.0
2016-09-14,16.9,78,0.0
2016-09-15,16.7,76,0.0
2016-09-16,12.4,77,0.0
2016-09-17,12.1,80,0.0
2016-09-18,12.4,76,0.0
2016-09-19,14.0,79,0.0
2016-09-20,13.7,84,0.0
2016-09-21,12.4,82,0.0
2016-09-22,12.0,85,0.2
2016-09-23,11.5,78,1.5
2016-09-24,11.9,87,0.2
2016-09-25,13.8,80,0.0
2016-09-26,14.1,83,0.0
2016-09-27,13.8,85,0.0
2016-09-28,13.2,88,12.4
2016-09-29,12.4,88,2.6
2016-09-30,12.2,60,0.0
2016-10-01,10.9,67,0.0
2016-10-02,9.2,85,0.0
2016-10-03,7.7,81,0.0
2016-10-04,7.7,74,0.0
2016-10-05,7.2,75,0.0
2016-10-06,7.6,79,0.0
2016-10-07,8.0,79,0.0
2016-10-08,7.1,75,0.5
2016-10-09,7.7,88,2.4
2016-10-10,7.3,76,0.0
2016-10-11,7.2,76,0.0
2016-10-12,6.5,80,0.0
2016-10-13,5.7,78,0.0
2016-10-14,4.7,79,0.0
2016-10-15,5.8,80,0.0
2016-10-16,6.3,78,0.0
2016-10-17,6.7,77,0.0
2016-10-18,7.5,82,0.0
2016-10-19,7.7,86,0.0
2016-10-20,6.6,76,0.0
2016-10-21,5.8,78,0.1
2016-10-22,4.2,76,0.2
2016-10-23,5.0,95,6.9
2016-10-24,5.8,92,0.6
2016-10-25,3.5,99,6.9
2016-10-26,3.2,94,0.1
2016-10-27,7.1,93,4.7
2016-10-28,8.5,77,1.1
2016-10-29,6.3,56,0.0
2016-10-30,5.9,77,0.0
2016-10-31,4.2,85,0.0
2016-11-01,2.6,96,20.7
2016-11-02,1.1,86,8.1
2016-11-03,-0.0,83,0.0
2016-11-04,-1.9,93,0.0
2016-11-05,-1.1,86,0.0
2016-11-06,-1.7,74,0.6
2016-11-07,-2.5,74,1.0
2016-11-08,-2.6,84,4.9
2016-11-09,-1.9,89,4.8
2016-11-10,-2.5,94,0.1
2016-11-11,-3.3,92,0.0
2016-11-12,-5.2,90,0.0
2016-11-13,-0.6,96,0.0
2016-11-14,0.5,98,0.2
2016-11-15,2.1,98,6.4
2016-11-16,0.2,98,0.0
2016-11-17,2.7,94,1.0
2016-11-18,3.6,98,6.8
2016-11-19,3.6,84,0.0
2016-11-20,3.0,94,2.0
2016-11-21,6.5,91,4.5
2016-11-22,6.8,99,0.1
2016-11-23,6.8,95,0.0
2016-11-24,2.2,84,2.0
2016-11-25,0.7,91,0.7
2016-11-26,4.0,83,0.5
2016-11-27,0.8,66,1.3
2016-11-28,-0.5,66,0.7
2016-11-29,0.2,86,0.0
2016-11-30,-0.2,71,0.1
2016-12-01,-1.6,71,0.0
2016-12-02,-0.9,77,0.0
2016-12-03,-3.2,86,0.0
2016-12-04,-2.6,90,0.0
2016-12-05,2.7,71,0.0
2016-12-06,-1.8,85,0.0
2016-12-07,-0.4,92,3.0
2016-12-08,4.7,98,0.6
2016-12-09,2.5,94,0.0
2016-12-10,0.2,86,2.4
2016-12-11,-1.7,84,3.9
2016-12-12,-6.6,89,0.0
2016-12-13,-1.4,93,2.2
2016-12-14,-0.3,91,0.4
2016-12-15,-4.0,89,0.0
2016-12-16,-0.3,99,0.0
2016-12-17,-0.7,96,0.0
2016-12-18,-1.5,94,0.0
2016-12-19,1.4,96,0.0
2016-12-20,4.3,98,0.0
2016-12-21,1.0,90,0.0
2016-12-22,3.6,85,0.0
2016-12-23,2.6,84,0.0
2016-12-24,3.6,83,1.3
2016-12-25,2.2,77,0.0
2016-12-26,4.7,69,0.0
2016-12-27,1.6,61,1.3
2016-12-28,-1.1,72,0.0
2016-12-29,2.1,92,0.0
2016-12-30,5.4,87,0.0
2016-12-31,8.2,88,0.0
2017-01-01,2.2,97,0.9
2017-01-02,-2.6,80,0.3
2017-01-03,-4.1,84,4.4
2017-01-04,-5.1,78,2.2
2017-01-05,-12.7,83,0.4
2017-01-06,-12.9,85,0.3
2017-01-07,-5.4,90,5.2
2017-01-08,-6.1,92,0.0
2017-01-09,-0.1,96,0.0
2017-01-10,0.3,92,0.0
2017-01-11,0.8,87,3.4
2017-01-12,1.0,87,1.2
2017-01-13,-2.1,93,0.2
2017-01-14,-3.9,88,0.0
2017-01-15,-4.9,82,0.2
2017-01-16,-3.8,85,0.2
2017-01-17,-4.0,87,0.2
2017-01-18,1.2,98,0.0
2017-01-19,2.0,93,0.0
2017-01-20,1.6,91,0.0
2017-01-21,0.8,89,0.0
2017-01-22,-0.7,96,0.0
2017-01-23,0.2,91,0.1
2017-01-24,-1.5,89,0.0
2017-01-25,1.1,94,0.0
2017-01-26,3.0,91,0.0
2017-01-27,-0.4,89,0.0
2017-01-28,-2.2,96,0.0
2017-01-29,-0.7,91,0.1
2017-01-30,1.6,92,0.0
2017-01-31,-0.3,95,0.0
2017-02-01,-0.7,88,0.0
2017-02-02,-0.6,87,0.0
2017-02-03,-1.4,89,3.2
2017-02-04,0.1,97,0.1
2017-02-05,-0.2,88,0.2
2017-02-06,-2.1,69,1.5
2017-02-07,-5.4,56,0.0
2017-02-08,-4.7,69,0.0
2017-02-09,-3.7,72,0.0
2017-02-10,-2.9,80,0.0
2017-02-11,-3.4,79,0.0
2017-02-12,-4.9,80,0.0
2017-02-13,-0.7,68,0.0
2017-02-14,0.5,80,0.0
2017-02-15,-1.7,75,0.0
2017-02-16,-0.3,84,0.2
2017-02-17,1.1,89,0.0
2017-02-18,0.2,84,0.0
2017-02-19,4.0,92,0.0
2017-02-20,2.7,98,1.9
2017-02-21,-1.4,84,1.1
2017-02-22,0.2,88,8.8
2017-02-23,-2.3,69,0.2
2017-02-24,-4.3,64,0.0
2017-02-25,-2.3,64,0.9
2017-02-26,-0.5,89,2.9
2017-02-27,0.9,94,2.9
2017-02-28,3.1,97,0.5
2017-03-01,2.1,89,0.2
2017-03-02,1.4,87,0.5
2017-03-03,0.3,90,0.4
2017-03-04,-1.1,80,1.3
2017-03-05,-2.8,67,0.0
2017-03-06,-2.4,60,0.0
2017-03-07,-2.8,76,4.2
2017-03-08,-2.2,86,6.2
2017-03-09,1.0,91,1.3
2017-03-10,0.3,95,1.2
2017-03-11,-0.5,83,0.0
2017-03-12,1.8,75,0.0
2017-03-13,2.5,73,0.0
2017-03-14,4.6,80,0.0
2017-03-15,5.5,57,0.2
2017-03-16,4.0,59,0.0
2017-03-17,5.7,72,1.0
2017-03-18,1.3,79,2.0
2017-03-19,-0.4,68,0.0
2017-03-20,0.1,86,0.6
2017-03-21,3.6,82,4.3
2017-03-22,4.2,75,1.0
2017-03-23,2.2,67,0.0
2017-03-24,1.7,59,0.0
2017-03-25,4.2,65,0.2
2017-03-26,8.7,60,0.0
2017-03-27,9.7,62,0.0
2017-03-28,4.0,59,0.0
2017-03-29,1.0,78,1.7
2017-03-30,0.5,86,3.3
2017-03-31,2.2,88,1.5
2017-04-01,6.2,93,1.4
2017-04-02,8.4,82,0.3
2017-04-03,4.6,83,0.0
2017-04-04,6.7,75,0.0
2017-04-05,7.1,67,0.3
2017-04-06,4.6,70,0.2
2017-04-07,4.5,73,0.0
2017-04-08,4.5,74,0.2
2017-04-09,8.3,75,0.0
2017-04-10,8.2,76,1.2
2017-04-11,4.4,56,1.5
2017-04-12,2.7,70,0.0
2017-04-13,0.9,68,0.0
2017-04-14,-0.9,66,0.9
2017-04-15,-0.7,55,0.0
2017-04-16,-1.6,61,0.1
2017-04-17,-0.9,58,1.2
2017-04-18,0.3,62,0.9
2017-04-19,2.7,52,0.0
2017-04-20,4.0,82,1.5
2017-04-21,6.7,69,2.2
2017-04-22,4.5,48,0.8
2017-04-23,3.2,60,0.8
2017-04-24,2.7,71,4.2
2017-04-25,1.8,91,7.4
2017-04-26,2.5,87,3.4
2017-04-27,3.3,76,2.2
2017-04-28,3.9,76,0.5
2017-04-29,4.2,70,0.2
2017-04-30,5.3,57,0.0
2017-05-01,8.1,57,0.0
2017-05-02,8.6,58,0.0
2017-05-03,7.0,61,0.0
2017-05-04,6.1,61,0.0
2017-05-05,9.9,63,0.0
2017-05-06,10.0,61,0.0
2017-05-07,5.8,53,0.0
2017-05-08,2.3,62,2.2
2017-05-09,1.1,60,0.9
2017-05-10,0.6,70,1.7
2017-05-11,2.2,65,0.5
2017-05-12,4.2,61,0.0
2017-05-13,6.4,60,0.0
2017-05-14,9.3,64,2.0
2017-05-15,6.1,73,0.0
2017-05-16,7.6,64,0.0
2017-05-17,9.3,87,3.8
2017-05-18,15.5,77,0.0
2017-05-19,18.7,63,0.0
2017-05-20,13.6,67,1.0
2017-05-21,13.7,56,0.2
2017-05-22,13.6,57,0.0
2017-05-23,11.5,64,0.0
2017-05-24,13.4,60,0.0
2017-05-25,13.5,62,0.2
2017-05-26,13.7,59,0.0
2017-05-27,17.7,63,1.1
2017-05-28,20.2,61,0.2
2017-05-29,13.8,60,0.2
2017-05-30,10.8,87,11.4
2017-05-31,11.8,77,1.6
2017-06-01,10.0,50,0.5
2017-06-02,9.2,53,0.0
2017-06-03,11.2,66,0.2
2017-06-04,12.3,85,5.6
2017-06-05,13.1,78,6.2
2017-06-06,14.9,66,0.0
2017-06-07,12.9,80,6.0
2017-06-08,12.9,79,1.4
2017-06-09,14.1,78,0.1
2017-06-10,15.6,81,4.2
2017-06-11,15.9,77,0.3
2017-06-12,14.6,81,9.2
2017-06-13,12.4,79,3.0
2017-06-14,16.2,60,0.1
2017-06-15,17.1,73,1.2
2017-06-16,16.5,73,0.0
2017-06-17,17.7,69,0.0
2017-06-18,20.3,62,0.0
2017-06-19,18.4,63,1.8
2017-06-20,14.7,70,10.2
2017-06-21,13.8,53,0.1
2017-06-22,12.7,66,0.0
2017-06-23,14.4,72,1.4
2017-06-24,14.6,80,6.7
2017-06-25,14.4,64,1.1
2017-06-26,13.8,67,1.2
2017-06-27,13.1,61,0.1
2017-06-28,13.6,60,0.0
2017-06-29,13.6,64,0.0
2017-06-30,16.5,61,0.0
2017-07-01,16.5,67,0.0
2017-07-02,16.6,73,2.4
2017-07-03,14.9,78,10.6
2017-07-04,13.3,71,1.6
2017-07-05,13.2,62,0.4
2017-07-06,13.4,62,0.0
2017-07-07,16.7,64,0.1
2017-07-08,15.7,76,0.0
2017-07-09,16.6,78,1.0
2017-07-10,17.6,68,0.0
2017-07-11,15.9,85,2.1
2017-07-12,17.5,67,0.2
2017-07-13,14.8,58,0.7
2017-07-14,15.3,58,0.0
2017-07-15,16.7,66,0.7
2017-07-16,16.8,71,1.5
2017-07-17,16.6,65,0.9
2017-07-18,15.1,67,2.6
2017-07-19,14.9,62,0.0
2017-07-20,15.7,67,0.0
2017-07-21,15.6,67,0.0
2017-07-22,15.7,74,1.3
2017-07-23,15.8,71,0.5
2017-07-24,16.2,73,0.0
2017-07-25,16.7,74,0.7
2017-07-26,16.5,80,1.1
2017-07-27,17.5,74,0.0
2017-07-28,15.8,90,11.8
2017-07-29,17.5,67,0.3
2017-07-30,18.3,73,1.5
2017-07-31,18.8,68,0.7
2017-08-01,18.4,66,0.1
2017-08-02,18.4,63,0.4
2017-08-03,17.7,70,3.0
2017-08-04,16.7,82,2.7
2017-08-05,16.2,78,1.7
2017-08-06,14.4,93,14.1
2017-08-07,16.1,74,0.2
2017-08-08,17.6,69,1.1
2017-08-09,18.1,75,3.1
2017-08-10,17.6,79,0.7
2017-08-11,18.8,71,0.0
2017-08-12,17.1,87,6.1
2017-08-13,13.6,91,11.7
2017-08-14,15.3,68,0.0
2017-08-15,15.5,69,0.0
2017-08-16,16.3,85,1.5
2017-08-17,16.4,74,0.0
2017-08-18,15.5,91,4.8
2017-08-19,16.6,82,10.7
2017-08-20,15.2,71,0.2
2017-08-21,15.0,78,0.2
2017-08-22,13.8,79,0.1
2017-08-23,13.9,75,0.0
2017-08-24,14.1,77,0.5
2017-08-25,11.9,89,10.8
2017-08-26,12.2,70,0.0
2017-08-27,11.6,73,0.0
2017-08-28,12.7,74,0.0
2017-08-29,17.0,76,0.0
2017-08-30,17.6,67,0.2
2017-08-31,13.3,95,21.8
2017-09-01,13.5,80,0.7
2017-09-02,12.2,86,4.0
2017-09-03,13.1,78,0.1
2017-09-04,12.6,86,9.6
2017-09-05,13.8,72,0.0
2017-09-06,11.9,78,0.1
2017-09-07,10.8,80,0.9
2017-09-08,11.3,79,0.1
2017-09-09,13.8,90,9.0
2017-09-10,14.1,83,0.9
2017-09-11,14.1,82,1.5
2017-09-12,14.6,83,6.4
2017-09-13,12.5,84,1.1
2017-09-14,11.8,87,4.1
2017-09-15,11.6,92,6.9
2017-09-16,11.1,84,0.1
2017-09-17,10.8,83,0.0
2017-09-18,10.1,85,2.4
2017-09-19,9.0,89,3.9
2017-09-20,8.2,80,1.8
2017-09-21,11.3,93,8.0
2017-09-22,12.2,91,0.1
2017-09-23,13.8,92,0.0
2017-09-24,13.7,89,0.0
2017-09-25,13.0,89,0.0
2017-09-26,12.9,89,0.0
2017-09-27,12.7,90,0.2
2017-09-28,12.4,87,0.0
2017-09-29,12.0,80,0.0
2017-09-30,11.0,85,0.0
2017-10-01,11.4,75,0.0
2017-10-02,11.9,87,9.9
2017-10-03,11.4,92,3.9
2017-10-04,10.1,75,1.9
2017-10-05,8.1,83,1.2
2017-10-06,8.2,82,0.6
2017-10-07,5.4,93,6.7
2017-10-08,6.4,98,12.5
2017-10-09,8.2,94,8.7
2017-10-10,6.6,88,0.3
2017-10-11,5.9,81,0.5
2017-10-12,9.6,99,15.7
2017-10-13,7.7,85,2.8
2017-10-14,10.6,94,6.0
2017-10-15,10.1,79,0.0
2017-10-16,13.1,82,0.0
2017-10-17,10.7,86,5.1
2017-10-18,7.6,85,4.2
2017-10-19,4.1,86,0.0
2017-10-20,4.0,89,0.0
2017-10-21,5.4,82,0.0
2017-10-22,5.2,79,0.1
2017-10-23,3.9,85,0.9
2017-10-24,3.8,79,0.0
2017-10-25,7.3,92,13.3
2017-10-26,5.2,90,0.2
2017-10-27,4.4,87,0.1
2017-10-28,5.2,91,5.0
2017-10-29,2.8,67,0.9
2017-10-30,2.2,58,0.0
2017-10-31,1.2,79,0.0
2017-11-01,3.7,92,1.9
2017-11-02,6.1,93,0.5
2017-11-03,3.0,81,0.0
2017-11-04,7.7,81,0.3
2017-11-05,8.2,95,1.8
2017-11-06,4.7,87,0.0
2017-11-07,1.5,95,0.0
2017-11-08,1.9,94,0.0
2017-11-09,5.3,91,1.0
2017-11-10,4.3,90,0.7
2017-11-11,3.8,98,10.0
2017-11-12,1.1,93,1.5
2017-11-13,-1.2,89,0.0
2017-11-14,-1.5,89,0.3
2017-11-15,-0.2,95,0.4
2017-11-16,-0.0,92,1.0
2017-11-17,4.3,84,1.4
2017-11-18,3.8,91,3.2
2017-11-19,-0.9,90,0.0
2017-11-20,-0.3,85,1.0
2017-11-21,-1.8,85,0.0
2017-11-22,-0.8,87,3.6
2017-11-23,6.0,97,12.0
2017-11-24,4.4,91,0.0
2017-11-25,0.2,97,0.0
2017-11-26,-0.6,97,0.7
2017-11-27,3.0,97,1.7
2017-11-28,2.6,99,7.5
2017-11-29,2.2,98,1.6
2017-11-30,-0.2,99,0.5
2017-12-01,1.2,97,0.4
2017-12-02,-0.6,90,0.0
2017-12-03,2.5,92,0.2
2017-12-04,-2.5,84,0.0
2017-12-05,-2.7,85,0.8
2017-12-06,-2.8,79,0.1
2017-12-07,3.3,96,4.6
2017-12-08,3.9,77,0.6
2017-12-09,1.9,85,0.5
2017-12-10,-1.6,94,0.0
2017-12-11,-1.2,94,1.4
2017-12-12,-0.5,95,14.1
2017-12-13,-1.8,90,1.2
2017-12-14,1.5,95,6.4
2017-12-15,0.5,98,0.1
2017-12-16,0.6,98,1.2
2017-12-17,-5.2,91,0.0
2017-12-18,-1.0,95,0.7
2017-12-19,-3.3,95,0.0
2017-12-20,1.8,98,0.1
2017-12-21,-1.7,96,0.0
2017-12-22,-2.8,86,0.0
2017-12-23,1.4,93,0.9
2017-12-24,-1.4,88,0.0
2017-12-25,-0.3,97,2.7
2017-12-26,1.5,98,5.6
2017-12-27,2.0,89,0.5
2017-12-28,3.6,99,2.2
2017-12-29,2.0,97,2.0
2017-12-30,1.0,89,0.1
2017-12-31,1.0,94,1.1
2018-01-01,2.0,100,7.4
2018-01-02,1.9,98,1.7
2018-01-03,1.5,96,0.0
2018-01-04,1.7,95,7.0
2018-01-05,0.3,98,1.4
2018-01-06,-4.2,79,0.0
2018-01-07,-4.0,66,0.0
2018-01-08,-2.4,74,0.0
2018-01-09,-3.1,91,0.0
2018-01-10,-4.3,95,0.0
2018-01-11,-0.9,98,0.3
2018-01-12,-0.8,95,0.1
2018-01-13,-1.2,87,0.0
2018-01-14,-0.7,75,0.0
2018-01-15,-0.9,72,0.0
2018-01-16,0.4,78,6.1
2018-01-17,-2.6,82,3.6
2018-01-18,-3.2,88,0.2
2018-01-19,-5.9,83,0.0
2018-01-20,-5.6,90,0.0
2018-01-21,-6.5,96,0.0
2018-01-22,-5.2,92,0.0
2018-01-23,-3.3,86,0.4
2018-01-24,3.2,92,7.7
2018-01-25,4.9,81,0.3
2018-01-26,3.3,88,0.0
2018-01-27,-1.2,95,0.9
2018-01-28,0.5,99,3.3
2018-01-29,0.5,99,5.1
2018-01-30,-1.6,90,0.7
2018-01-31,0.0,96,7.7
2018-02-01,0.8,97,10.4
2018-02-02,-2.5,92,2.6
2018-02-03,-2.9,85,0.6
2018-02-04,-4.2,76,0.2
2018-02-05,-7.6,81,0.0
2018-02-06,-6.6,81,0.0
2018-02-07,-6.8,81,0.2
2018-02-08,-3.7,90,0.0
2018-02-09,-2.1,85,0.0
2018-02-10,-2.2,88,0.3
2018-02-11,-2.5,78,0.0
2018-02-12,0.5,88,2.8
2018-02-13,-0.3,89,1.3
2018-02-14,-1.5,88,0.0
2018-02-15,-1.0,87,0.1
2018-02-16,-1.3,89,0.2
2018-02-17,-3.3,88,0.2
2018-02-18,-1.8,91,2.3
2018-02-19,-3.5,85,2.3
2018-02-20,-5.8,82,0.1
2018-02-21,-8.4,82,0.0
2018-02-22,-7.8,82,0.0
2018-02-23,-5.7,84,1.2
2018-02-24,-7.3,79,0.0
2018-02-25,-6.7,77,0.4
2018-02-26,-5.3,80,4.4
2018-02-27,-11.3,68,1.7
2018-02-28,-11.1,74,1.4
2018-03-01,-9.4,80,0.0
2018-03-02,-7.6,77,0.0
2018-03-03,-7.5,82,0.0
2018-03-04,-6.1,82,0.0
2018-03-05,-5.1,84,0.7
2018-03-06,-2.7,83,0.6
2018-03-07,-2.6,85,0.0
2018-03-08,-1.8,91,5.1
2018-03-09,0.5,92,7.9
2018-03-10,-2.3,91,1.9
2018-03-11,-1.9,86,0.1
2018-03-12,1.1,94,4.2
2018-03-13,0.1,91,9.7
2018-03-14,-3.1,78,0.0
2018-03-15,-6.3,77,0.0
2018-03-16,-8.0,71,0.0
2018-03-17,-7.2,72,0.3
2018-03-18,-5.3,62,0.0
2018-03-19,-2.2,76,1.3
2018-03-20,-4.4,72,0.0
2018-03-21,-2.5,73,0.0
2018-03-22,0.1,85,0.1
2018-03-23,-1.8,81,0.0
2018-03-24,1.0,88,0.0
2018-03-25,2.6,85,0.0
2018-03-26,-4.2,70,1.0
2018-03-27,-6.6,66,0.0
2018-03-28,-4.5,63,0.0
2018-03-29,-4.6,72,0.0
2018-03-30,-3.3,71,0.0
2018-03-31,-3.4,76,0.0
2018-04-01,-1.4,85,0.0
2018-04-02,-0.9,69,0.0
2018-04-03,-1.9,69,0.0
2018-04-04,3.3,92,2.2
2018-04-05,3.8,99,2.4
2018-04-06,2.4,85,4.2
2018-04-07,2.8,61,0.0
2018-04-08,5.5,72,0.0
2018-04-09,2.4,93,3.9
2018-04-10,2.0,61,0.5
2018-04-11,1.6,68,0.0
2018-04-12,2.9,62,0.0
2018-04-13,4.4,57,0.0
2018-04-14,6.3,68,0.0
2018-04-15,6.5,78,0.3
2018-04-16,7.1,73,0.0
2018-04-17,8.2,77,0.1
2018-04-18,8.6,82,0.7
2018-04-19,10.6,71,0.0
2018-04-20,14.6,73,0.0
2018-04-21,10.7,61,0.0
2018-04-22,7.8,61,0.0
2018-04-23,6.2,80,2.3
2018-04-24,8.3,80,0.9
2018-04-25,7.8,80,1.8
2018-04-26,6.6,81,1.5
2018-04-27,6.6,79,0.4
2018-04-28,7.1,77,0.3
2018-04-29,7.0,84,1.8
2018-04-30,6.1,77,0.5
2018-05-01,8.1,81,5.6
2018-05-02,8.4,80,2.6
2018-05-03,6.9,85,4.0
2018-05-04,9.0,75,0.0
2018-05-05,11.4,72,0.0
2018-05-06,13.9,74,0.0
2018-05-07,15.5,63,0.0
2018-05-08,15.2,65,0.0
2018-05-09,13.5,57,0.0
2018-05-10,13.2,63,0.0
2018-05-11,16.1,64,0.0
2018-05-12,16.8,60,0.0
2018-05-13,16.2,55,0.0
2018-05-14,17.4,51,0.0
2018-05-15,17.8,52,0.0
2018-05-16,18.4,53,0.0
2018-05-17,12.1,59,2.8
2018-05-18,12.3,45,0.4
2018-05-19,14.1,46,0.0
2018-05-20,18.1,44,0.0
2018-05-21,18.4,49,0.0
2018-05-22,17.2,50,0.0
2018-05-23,14.9,52,0.0
2018-05-24,15.4,38,0.0
2018-05-25,16.5,43,0.0
2018-05-26,17.7,51,0.0
2018-05-27,15.8,45,0.0
2018-05-28,15.7,48,0.0
2018-05-29,19.1,55,0.0
2018-05-30,18.6,45,0.0
2018-05-31,15.6,51,0.0
2018-06-01,18.1,49,0.0
2018-06-02,19.9,55,0.1
2018-06-03,21.4,54,0.0
2018-06-04,17.2,42,0.0
2018-06-05,10.2,38,0.0
2018-06-06,10.6,50,0.0
2018-06-07,16.2,56,0.1
2018-06-08,14.6,55,0.0
2018-06-09,18.2,58,0.0
2018-06-10,20.8,55,0.0
2018-06-11,17.5,78,7.1
2018-06-12,14.8,69,0.0
2018-06-13,13.8,62,1.9
2018-06-14,16.5,68,0.9
2018-06-15,18.1,49,0.0
2018-06-16,16.9,53,0.0
2018-06-17,16.3,69,5.2
2018-06-18,15.5,69,0.3
2018-06-19,16.3,57,1.7
2018-06-20,14.1,59,0.1
2018-06-21,11.2,95,15.0
2018-06-22,11.5,76,14.5
2018-06-23,12.8,62,0.0
2018-06-24,14.3,65,0.0
2018-06-25,16.1,65,0.0
2018-06-26,16.1,71,0.0
2018-06-27,18.8,66,0.0
2018-06-28,22.0,53,4.7
2018-06-29,13.8,57,0.2
2018-06-30,13.3,57,0.2
2018-07-01,13.8,60,0.0
2018-07-02,14.2,64,2.4
2018-07-03,16.8,64,0.2
2018-07-04,18.0,55,0.0
2018-07-05,17.1,63,0.0
2018-07-06,19.1,61,0.0
2018-07-07,18.2,59,0.0
2018-07-08,18.4,53,0.0
2018-07-09,17.8,60,0.0
2018-07-10,19.5,61,0.0
2018-07-11,18.2,66,0.2
2018-07-12,18.8,67,0.0
2018-07-13,20.7,60,0.0
2018-07-14,22.4,55,0.0
2018-07-15,24.0,54,0.0
2018-07-16,24.2,49,0.0
2018-07-17,24.3,52,0.0
2018-07-18,24.1,54,0.0
2018-07-19,23.6,53,0.0
2018-07-20,23.6,58,0.0
2018-07-21,21.2,81,4.7
2018-07-22,20.9,59,0.0
2018-07-23,21.0,63,0.1
2018-07-24,23.8,59,0.0
2018-07-25,24.4,58,0.0
2018-07-26,25.6,58,0.0
2018-07-27,24.3,70,0.0
2018-07-28,23.1,77,2.6
2018-07-29,22.5,89,8.9
2018-07-30,23.0,87,6.2
2018-07-31,23.3,82,0.5
2018-08-01,24.7,75,0.2
2018-08-02,22.9,79,6.5
2018-08-03,22.4,57,0.0
2018-08-04,19.8,81,6.3
2018-08-05,18.0,81,8.0
2018-08-06,17.1,58,0.0
2018-08-07,18.7,67,0.0
2018-08-08,23.8,62,0.0
2018-08-09,23.5,71,1.4
2018-08-10,22.6,66,0.0
2018-08-11,18.3,56,0.1
2018-08-12,14.0,92,10.1
2018-08-13,15.1,68,0.3
2018-08-14,15.7,71,0.1
2018-08-15,16.4,79,0.4
2018-08-16,18.8,76,0.0
2018-08-17,20.0,79,3.6
2018-08-18,17.2,70,0.0
2018-08-19,17.9,65,0.5
2018-08-20,15.3,72,0.4
2018-08-21,13.9,57,0.0
2018-08-22,15.6,65,0.1
2018-08-23,19.4,71,1.7
2018-08-24,18.2,79,3.0
2018-08-25,14.4,73,0.1
2018-08-26,13.5,74,0.6
2018-08-27,13.5,77,1.1
2018-08-28,15.6,85,11.3
2018-08-29,15.5,84,0.5
2018-08-30,15.9,87,1.9
2018-08-31,14.6,96,5.3
2018-09-01,15.3,86,1.4
2018-09-02,15.8,79,0.0
2018-09-03,16.1,78,0.0
2018-09-04,15.9,82,0.0
2018-09-05,16.1,85,0.5
2018-09-06,15.2,89,0.1
2018-09-07,16.1,91,0.8
2018-09-08,17.0,84,0.8
2018-09-09,14.8,78,0.2
2018-09-10,15.1,87,5.0
2018-09-11,13.3,89,4.1
2018-09-12,13.8,67,0.4
2018-09-13,13.2,60,0.0
2018-09-14,13.3,73,0.7
2018-09-15,13.1,70,1.6
2018-09-16,11.5,68,0.6
2018-09-17,13.2,81,6.9
2018-09-18,15.0,77,0.3
2018-09-19,18.0,70,0.0
2018-09-20,16.1,64,0.3
2018-09-21,15.4,84,12.6
2018-09-22,12.2,62,0.2
2018-09-23,10.1,67,0.1
2018-09-24,7.4,53,0.1
2018-09-25,7.9,57,0.0
2018-09-26,11.8,73,5.6
2018-09-27,9.0,68,9.6
2018-09-28,6.2,82,4.6
2018-09-29,6.9,69,0.5
2018-09-30,10.8,74,0.8
2018-10-01,7.4,90,2.0
2018-10-02,5.0,92,0.4
2018-10-03,6.1,84,0.8
2018-10-04,5.1,79,0.4
2018-10-05,11.4,77,1.2
2018-10-06,8.8,76,0.0
2018-10-07,5.6,78,0.5
2018-10-08,7.9,85,2.2
2018-10-09,13.0,82,0.5
2018-10-10,13.6,81,0.0
2018-10-11,11.9,90,0.0
2018-10-12,12.2,87,0.0
2018-10-13,14.3,82,0.0
2018-10-14,14.3,75,0.0
2018-10-15,13.2,78,0.0
2018-10-16,10.3,91,0.0
2018-10-17,12.8,90,0.2
2018-10-18,10.9,85,1.2
2018-10-19,4.9,84,0.0
2018-10-20,6.1,92,0.2
2018-10-21,8.6,92,0.6
2018-10-22,8.8,72,0.6
2018-10-23,5.6,89,9.0
2018-10-24,4.3,65,0.0
2018-10-25,2.4,82,0.1
2018-10-26,0.7,89,0.0
2018-10-27,1.7,77,0.0
2018-10-28,0.7,78,0.1
2018-10-29,1.2,70,0.3
2018-10-30,5.8,98,15.3
2018-10-31,9.4,82,0.1
2018-11-01,6.5,91,0.1
2018-11-02,9.1,94,0.8
2018-11-03,7.2,89,0.5
2018-11-04,5.0,89,0.0
2018-11-05,6.8,97,0.4
2018-11-06,8.1,97,0.7
2018-11-07,7.8,97,0.0
2018-11-08,7.6,98,0.2
2018-11-09,7.2,97,0.8
2018-11-10,6.8,97,2.4
2018-11-11,7.9,93,0.1
2018-11-12,7.9,97,3.2
2018-11-13,7.0,97,0.5
2018-11-14,6.5,96,0.0
2018-11-15,8.0,94,0.1
2018-11-16,6.9,89,0.0
2018-11-17,5.8,91,0.0
2018-11-18,4.6,81,0.0
2018-11-19,2.0,75,0.0
2018-11-20,0.3,85,0.0
2018-11-21,0.7,87,0.0
2018-11-22,-2.6,87,0.0
2018-11-23,-4.6,93,0.0
2018-11-24,-2.0,93,0.0
2018-11-25,-3.6,93,0.0
2018-11-26,-2.3,93,0.0
2018-11-27,-5.0,91,0.0
2018-11-28,-6.1,92,0.0
2018-11-29,1.3,84,4.8
2018-11-30,2.4,99,9.9
2018-12-01,2.0,99,3.9
2018-12-02,2.5,99,0.6
2018-12-03,4.4,100,5.3
2018-12-04,4.1,98,3.4
2018-12-05,-1.0,71,0.1
2018-12-06,-0.1,97,0.0
2018-12-07,1.7,99,2.9
2018-12-08,4.2,99,7.4
2018-12-09,4.2,99,3.8
2018-12-10,0.1,96,1.8
2018-12-11,2.5,95,1.2
2018-12-12,0.9,86,0.0
2018-12-13,-0.1,82,0.0
2018-12-14,-1.1,87,0.0
2018-12-15,-2.7,90,0.1
2018-12-16,-0.5,90,3.2
2018-12-17,-1.8,94,1.4
2018-12-18,-1.2,93,0.9
2018-12-19,-0.4,88,0.3
2018-12-20,0.3,82,1.7
2018-12-21,-1.9,76,0.0
2018-12-22,-3.1,87,0.5
2018-12-23,-4.9,84,1.2
2018-12-24,-6.5,81,0.0
2018-12-25,0.6,80,0.4
2018-12-26,2.0,81,0.0
2018-12-27,-0.7,95,0.0
2018-12-28,-2.0,95,0.0
2018-12-29,-2.3,97,0.0
2018-12-30,-2.2,95,0.1
2018-12-31,-0.7,96,1.5
2019-01-01,2.2,88,1.5
2019-01-02,-1.8,63,1.2
2019-01-03,-2.8,83,0.5
2019-01-04,2.9,88,2.4
2019-01-05,0.1,97,0.2
2019-01-06,0.2,98,0.6
2019-01-07,-0.5,98,0.2
2019-01-08,0.7,99,13.4
2019-01-09,-0.2,87,0.7
2019-01-10,-2.4,85,0.2
2019-01-11,1.1,75,0.0
2019-01-12,-1.4,76,0.0
2019-01-13,-3.0,86,0.9
2019-01-14,-3.4,59,0.0
2019-01-15,-3.6,65,0.7
2019-01-16,-4.8,85,11.5
2019-01-17,-3.9,90,0.8
2019-01-18,-8.2,84,0.0
2019-01-19,-6.5,83,0.1
2019-01-20,-8.5,82,0.0
2019-01-21,-11.1,87,0.0
2019-01-22,-3.3,90,0.4
2019-01-23,-3.8,95,0.4
2019-01-24,-4.3,93,0.0
2019-01-25,-5.4,93,2.6
2019-01-26,-6.8,93,0.0
2019-01-27,-6.5,86,0.6
2019-01-28,-1.9,88,4.9
2019-01-29,-0.9,94,1.9
2019-01-30,-5.5,89,0.2
2019-01-31,-2.9,89,0.3
2019-02-01,-1.3,86,8.9
2019-02-02,0.4,93,4.5
2019-02-03,-4.6,88,12.8
2019-02-04,-10.0,86,1.6
2019-02-05,-0.2,91,5.0
2019-02-06,-7.9,86,0.7
2019-02-07,0.7,94,2.9
2019-02-08,2.3,88,1.3
2019-02-09,2.6,91,5.6
2019-02-10,2.7,88,1.2
2019-02-11,-0.5,90,0.0
2019-02-12,-2.7,77,0.2
2019-02-13,2.8,79,2.0
2019-02-14,2.2,90,0.0
2019-02-15,3.3,91,0.0
2019-02-16,4.4,74,0.0
2019-02-17,-0.5,80,0.0
2019-02-18,3.3,90,0.0
2019-02-19,4.9,90,0.4
2019-02-20,-0.4,61,0.0
2019-02-21,-3.1,54,0.1
2019-02-22,-3.4,54,0.0
2019-02-23,1.9,88,0.0
2019-02-24,4.4,85,0.0
2019-02-25,4.6,63,0.0
2019-02-26,4.8,68,0.0
2019-02-27,4.8,70,0.0
2019-02-28,2.3,67,0.0
2019-03-01,-2.2,65,0.0
2019-03-02,0.7,77,0.3
2019-03-03,0.0,94,9.2
2019-03-04,-0.4,92,3.2
2019-03-05,-3.9,75,0.2
2019-03-06,-5.1,83,0.5
2019-03-07,1.9,97,8.6
2019-03-08,2.2,93,8.2
2019-03-09,-0.4,77,1.0
2019-03-10,-3.1,62,0.0
2019-03-11,-4.3,61,0.0
2019-03-12,-4.6,58,0.0
2019-03-13,0.5,90,8.3
2019-03-14,2.7,98,1.8
2019-03-15,1.6,99,6.8
2019-03-16,1.2,90,0.3
2019-03-17,2.2,96,9.6
2019-03-18,1.8,92,4.9
2019-03-19,0.8,69,0.5
2019-03-20,2.5,81,1.0
2019-03-21,5.3,83,1.0
2019-03-22,4.0,57,0.0
2019-03-23,7.2,67,0.0
2019-03-24,4.8,55,0.0
2019-03-25,2.1,67,0.3
2019-03-26,1.4,67,0.5
2019-03-27,4.1,73,0.0
2019-03-28,6.3,73,0.0
2019-03-29,8.5,72,0.0
2019-03-30,7.3,79,1.5
2019-03-31,3.3,66,1.2
2019-04-01,2.1,61,0.0
2019-04-02,3.5,56,0.0
2019-04-03,5.0,62,0.0
2019-04-04,6.0,58,0.0
2019-04-05,3.3,83,1.2
2019-04-06,6.5,60,0.5
2019-04-07,4.5,74,1.9
2019-04-08,1.1,70,0.3
2019-04-09,-0.3,70,1.7
2019-04-10,0.0,68,0.1
2019-04-11,-0.6,62,0.0
2019-04-12,0.3,61,0.0
2019-04-13,1.0,64,0.0
2019-04-14,2.0,66,0.0
2019-04-15,2.4,59,0.0
2019-04-16,4.8,61,0.0
2019-04-17,6.2,63,0.0
2019-04-18,8.6,62,0.0
2019-04-19,9.4,60,0.0
2019-04-20,10.1,64,0.0
2019-04-21,8.2,64,0.0
2019-04-22,11.0,53,0.0
2019-04-23,11.4,59,0.0
2019-04-24,11.8,49,0.0
2019-04-25,11.9,57,0.0
2019-04-26,12.6,63,0.0
2019-04-27,13.7,56,0.3
2019-04-28,9.6,57,0.0
2019-04-29,8.6,52,0.0
2019-04-30,7.8,52,2.0
2019-05-01,7.6,67,0.3
2019-05-02,4.0,89,15.0
2019-05-03,2.4,68,1.3
2019-05-04,2.3,63,0.1
2019-05-05,5.5,61,1.2
2019-05-06,6.1,74,2.4
2019-05-07,4.4,71,0.6
2019-05-08,6.3,66,1.0
2019-05-09,8.5,62,0.0
2019-05-10,10.6,71,0.0
2019-05-11,10.3,81,0.0
2019-05-12,8.1,82,12.8
2019-05-13,6.9,66,0.1
2019-05-14,7.4,58,0.0
2019-05-15,9.5,60,0.0
2019-05-16,10.3,60,0.0
2019-05-17,11.7,57,0.0
2019-05-18,14.0,58,1.1
2019-05-19,13.3,90,13.8
2019-05-20,15.5,78,0.4
2019-05-21,17.6,74,0.4
2019-05-22,16.0,78,1.3
2019-05-23,12.9,92,7.7
2019-05-24,12.7,75,6.3
2019-05-25,11.1,80,1.0
2019-05-26,9.2,93,11.6
2019-05-27,10.0,78,0.3
2019-05-28,11.8,78,0.5
2019-05-29,10.3,57,0.0
2019-05-30,10.7,65,3.5
2019-05-31,12.7,59,0.4
2019-06-01,11.8,78,3.8
2019-06-02,13.8,70,0.3
2019-06-03,15.6,69,0.5
2019-06-04,17.9,67,0.1
2019-06-05,19.2,73,0.0
2019-06-06,21.5,66,0.0
2019-06-07,20.8,73,0.5
2019-06-08,20.1,66,0.1
2019-06-09,16.4,61,0.2
2019-06-10,16.1,57,0.0
2019-06-11,14.8,64,0.2
2019-06-12,12.5,72,7.9
2019-06-13,16.2,90,9.5
2019-06-14,16.2,77,0.1
2019-06-15,19.0,66,0.0
2019-06-16,19.8,56,0.0
2019-06-17,19.1,56,0.0
2019-06-18,18.9,62,0.6
2019-06-19,20.2,69,2.6
2019-06-20,21.0,69,1.5
2019-06-21,18.1,64,0.0
2019-06-22,16.7,52,0.0
2019-06-23,17.0,54,0.0
2019-06-24,16.6,59,0.0
2019-06-25,16.7,64,0.4
2019-06-26,15.5,97,11.9
2019-06-27,15.7,62,0.1
2019-06-28,15.9,52,0.0
2019-06-29,19.1,63,0.1
2019-06-30,21.1,65,0.0
2019-07-01,18.5,61,0.5
2019-07-02,13.5,70,2.0
2019-07-03,12.3,70,5.3
2019-07-04,11.3,75,6.5
2019-07-05,11.3,82,7.6
2019-07-06,14.0,78,2.8
2019-07-07,13.5,79,1.6
2019-07-08,14.6,77,1.4
2019-07-09,12.6,76,0.4
2019-07-10,15.2,66,0.0
2019-07-11,14.8,69,0.0
2019-07-12,13.5,79,3.0
2019-07-13,15.5,67,0.4
2019-07-14,17.2,63,0.1
2019-07-15,12.9,95,21.8
2019-07-16,12.8,79,4.0
2019-07-17,15.9,80,1.8
2019-07-18,17.1,74,0.0
2019-07-19,18.1,76,2.3
2019-07-20,19.4,62,0.0
2019-07-21,18.4,78,7.1
2019-07-22,18.3,79,5.4
2019-07-23,19.0,74,0.0
2019-07-24,21.1,70,0.0
2019-07-25,23.3,65,0.1
2019-07-26,22.3,66,0.0
2019-07-27,22.6,70,0.1
2019-07-28,24.2,66,0.0
2019-07-29,21.0,71,0.4
2019-07-30,14.5,68,3.2
2019-07-31,14.1,74,0.6
2019-08-01,15.3,68,0.0
2019-08-02,16.9,70,1.6
2019-08-03,15.2,70,0.0
2019-08-04,14.5,74,1.6
2019-08-05,16.2,82,2.7
2019-08-06,17.0,88,9.4
2019-08-07,18.0,74,0.3
2019-08-08,16.6,86,7.2
2019-08-09,15.9,88,0.8
2019-08-10,15.9,87,6.3
2019-08-11,17.3,90,8.7
2019-08-12,17.3,76,1.5
2019-08-13,17.0,70,0.2
2019-08-14,14.9,70,0.6
2019-08-15,15.0,74,0.4
2019-08-16,16.6,82,2.5
2019-08-17,16.9,81,2.3
2019-08-18,17.1,91,11.6
2019-08-19,16.6,75,6.5
2019-08-20,16.3,73,0.7
2019-08-21,15.3,74,0.3
2019-08-22,15.3,74,1.7
2019-08-23,15.2,93,4.0
2019-08-24,16.8,84,0.0
2019-08-25,17.9,81,0.0
2019-08-26,19.3,74,0.0
2019-08-27,19.6,74,0.0
2019-08-28,20.5,74,0.0
2019-08-29,20.3,86,3.0
2019-08-30,17.4,74,0.0
2019-08-31,18.4,72,0.0
2019-09-01,20.1,81,5.0
2019-09-02,14.9,75,0.0
2019-09-03,13.9,75,1.2
2019-09-04,14.3,75,0.5
2019-09-05,15.5,73,1.0
2019-09-06,12.3,73,0.0
2019-09-07,13.4,83,3.1
2019-09-08,13.4,85,2.5
2019-09-09,15.4,93,8.4
2019-09-10,16.9,83,0.0
2019-09-11,15.5,80,2.7
2019-09-12,15.3,72,0.8
2019-09-13,13.1,72,1.7
2019-09-14,11.7,60,0.3
2019-09-15,12.4,77,7.3
2019-09-16,10.9,65,1.5
2019-09-17,8.5,73,0.5
2019-09-18,8.6,75,0.0
2019-09-19,7.7,69,0.0
2019-09-20,8.0,78,0.9
2019-09-21,13.6,73,0.0
2019-09-22,9.1,83,0.0
2019-09-23,7.4,72,0.0
2019-09-24,9.2,74,0.0
2019-09-25,9.0,80,0.1
2019-09-26,8.8,82,0.0
2019-09-27,9.5,83,0.0
2019-09-28,11.7,97,6.2
2019-09-29,11.2,92,1.2
2019-09-30,9.3,98,6.6
2019-10-01,6.6,68,0.2
2019-10-02,6.2,92,7.7
2019-10-03,5.2,94,4.6
2019-10-04,3.2,84,0.6
2019-10-05,3.1,80,0.0
2019-10-06,3.5,67,0.0
2019-10-07,3.1,86,0.4
2019-10-08,2.6,90,0.4
2019-10-09,5.2,96,1.6
2019-10-10,7.3,97,0.9
2019-10-11,8.8,92,4.8
2019-10-12,9.0,94,2.4
2019-10-13,8.7,86,0.2
2019-10-14,7.5,97,14.9
2019-10-15,7.1,97,4.8
2019-10-16,8.8,94,0.1
2019-10-17,7.5,92,0.2
2019-10-18,9.1,97,1.6
2019-10-19,10.3,92,4.1
2019-10-20,8.8,98,4.8
2019-10-21,6.6,91,0.2
2019-10-22,9.0,82,0.1
2019-10-23,9.6,83,0.0
2019-10-24,10.0,89,0.4
2019-10-25,11.3,80,0.6
2019-10-26,5.3,92,10.7
2019-10-27,3.2,98,3.6
2019-10-28,1.0,83,0.0
2019-10-29,1.9,78,0.1
2019-10-30,0.5,88,0.0
2019-10-31,1.6,88,0.0
2019-11-01,0.3,93,0.0
2019-11-02,4.1,94,0.1
2019-11-03,2.4,85,0.0
2019-11-04,1.5,75,0.0
2019-11-05,0.5,83,0.0
2019-11-06,-0.6,72,0.0
2019-11-07,-0.4,95,0.8
2019-11-08,2.1,99,4.7
2019-11-09,2.7,100,7.1
2019-11-10,1.0,95,1.4
2019-11-11,0.4,92,0.2
2019-11-12,3.8,95,3.8
2019-11-13,3.3,99,4.7
2019-11-14,2.6,100,5.3
2019-11-15,2.0,99,0.0
2019-11-16,5.0,97,8.8
2019-11-17,7.1,93,0.7
2019-11-18,5.6,97,0.7
2019-11-19,7.1,93,3.5
2019-11-20,6.1,96,0.5
2019-11-21,6.4,91,0.0
2019-11-22,4.8,89,1.1
2019-11-23,3.8,97,2.1
2019-11-24,2.7,91,0.0
2019-11-25,2.3,92,0.0
2019-11-26,3.7,95,1.3
2019-11-27,4.9,100,7.1
2019-11-28,5.2,100,13.5
2019-11-29,-1.6,91,8.5
2019-11-30,-4.0,80,0.0
2019-12-01,-4.9,86,0.0
2019-12-02,-5.6,86,0.0
2019-12-03,-2.8,90,1.0
2019-12-04,1.3,96,0.0
2019-12-05,5.4,79,0.0
2019-12-06,5.3,96,7.7
2019-12-07,3.4,98,7.9
2019-12-08,1.3,96,5.2
2019-12-09,4.0,86,7.6
2019-12-10,-4.6,87,1.1
2019-12-11,2.0,90,2.9
2019-12-12,2.1,99,5.0
2019-12-13,2.1,97,1.6
2019-12-14,3.0,99,6.8
2019-12-15,2.9,99,1.4
2019-12-16,2.3,98,6.0
2019-12-17,3.4,97,0.6
2019-12-18,0.8,97,16.1
2019-12-19,-1.5,95,0.5
2019-12-20,3.8,99,0.0
2019-12-21,5.0,99,0.3
2019-12-22,4.1,99,7.5
2019-12-23,2.0,100,0.3
2019-12-24,1.5,100,1.4
2019-12-25,2.0,99,0.7
2019-12-26,0.0,97,0.0
2019-12-27,-0.3,74,0.1
2019-12-28,-2.8,89,0.0
2019-12-29,2.7,87,0.2
2019-12-30,6.3,85,0.0
2019-12-31,2.8,63,0.0
2020-01-01,2.3,73,0.1
2020-01-02,4.9,82,0.0
2020-01-03,5.2,69,0.0
2020-01-04,1.5,52,0.3
2020-01-05,-0.6,76,3.2
2020-01-06,4.3,99,0.0
2020-01-07,5.3,88,0.0
2020-01-08,6.8,73,0.0
2020-01-09,1.5,84,0.0
2020-01-10,-1.4,94,0.0
2020-01-11,-0.4,87,1.8
2020-01-12,4.3,91,2.0
2020-01-13,1.6,94,0.0
2020-01-14,3.4,92,3.5
2020-01-15,6.6,84,4.7
2020-01-16,5.6,78,0.0
2020-01-17,4.2,90,0.0
2020-01-18,4.3,92,0.4
2020-01-19,2.0,83,0.0
2020-01-20,2.5,77,0.0
2020-01-21,6.0,75,0.0
2020-01-22,2.8,58,0.0
2020-01-23,0.4,82,0.0
2020-01-24,3.9,85,0.0
2020-01-25,0.6,81,0.0
2020-01-26,5.6,85,0.0
2020-01-27,4.4,91,1.3
2020-01-28,3.2,98,5.2
2020-01-29,2.8,99,3.9
2020-01-30,1.5,98,0.0
2020-01-31,1.8,95,0.0
2020-02-01,4.8,94,4.9
2020-02-02,3.2,79,3.2
2020-02-03,-1.5,84,0.0
2020-02-04,-2.7,85,0.0
2020-02-05,-0.9,71,0.2
2020-02-06,-0.6,79,0.0
2020-02-07,-1.1,90,0.1
2020-02-08,2.1,95,0.0
2020-02-09,3.5,93,6.3
2020-02-10,5.5,81,2.0
2020-02-11,2.5,77,0.0
2020-02-12,1.9,88,1.0
2020-02-13,-0.9,85,0.0
2020-02-14,-1.5,81,0.0
2020-02-15,2.6,88,0.8
2020-02-16,6.9,89,5.0
2020-02-17,5.6,72,0.2
2020-02-18,5.7,70,0.0
2020-02-19,2.9,80,0.0
2020-02-20,0.5,90,1.9
2020-02-21,4.9,80,1.6
2020-02-22,6.0,74,2.6
2020-02-23,4.1,62,0.5
2020-02-24,0.8,63,0.0
2020-02-25,-0.2,80,0.7
2020-02-26,-0.5,62,0.0
2020-02-27,-1.7,71,3.0
2020-02-28,-2.4,63,0.3
2020-02-29,0.3,90,0.7
2020-03-01,2.6,95,11.2
2020-03-02,3.2,85,1.9
2020-03-03,2.7,97,3.1
2020-03-04,1.7,100,17.2
2020-03-05,0.5,95,0.9
2020-03-06,-0.0,86,0.0
2020-03-07,0.5,90,0.5
2020-03-08,3.1,87,0.0
2020-03-09,6.1,82,1.4
2020-03-10,4.1,94,2.2
2020-03-11,4.3,87,2.7
2020-03-12,3.2,88,6.2
2020-03-13,1.0,55,0.0
2020-03-14,-1.8,46,0.0
2020-03-15,3.0,67,0.2
2020-03-16,3.0,74,3.0
2020-03-17,4.2,77,0.0
2020-03-18,5.2,83,5.4
2020-03-19,4.5,62,0.0
2020-03-20,0.3,71,0.0
2020-03-21,-1.0,61,0.0
2020-03-22,-1.5,64,0.0
2020-03-23,1.3,66,0.0
2020-03-24,3.7,54,0.0
2020-03-25,6.0,41,0.0
2020-03-26,5.4,52,0.0
2020-03-27,4.2,63,0.0
2020-03-28,3.3,58,0.0
2020-03-29,0.3,48,0.0
2020-03-30,-1.2,57,0.2
2020-03-31,1.2,54,0.0
2020-04-01,5.0,60,0.0
2020-04-02,4.3,70,2.8
2020-04-03,2.6,45,0.9
2020-04-04,1.5,49,0.0
2020-04-05,3.5,73,0.0
2020-04-06,7.7,62,0.0
2020-04-07,6.4,75,0.9
2020-04-08,8.2,61,0.0
2020-04-09,6.7,51,0.0
2020-04-10,4.1,58,0.0
2020-04-11,5.0,59,0.1
2020-04-12,7.7,79,2.3
2020-04-13,3.9,54,1.7
2020-04-14,4.7,53,0.8
2020-04-15,8.4,66,1.5
2020-04-16,7.5,42,0.0
2020-04-17,5.8,45,0.2
2020-04-18,4.8,52,0.0
2020-04-19,7.7,63,0.0
2020-04-20,8.9,61,0.0
2020-04-21,9.8,63,0.0
2020-04-22,10.0,62,0.0
2020-04-23,10.2,54,0.0
2020-04-24,7.2,60,0.0
2020-04-25,6.8,62,1.0
2020-04-26,6.4,51,0.0
2020-04-27,4.8,65,2.3
2020-04-28,2.7,79,4.4
2020-04-29,2.5,68,0.1
2020-04-30,3.1,70,0.0
2020-05-01,6.5,91,10.0
2020-05-02,8.9,80,0.5
2020-05-03,9.0,80,6.2
2020-05-04,5.4,91,8.2
2020-05-05,7.7,65,0.6
2020-05-06,8.6,62,0.3
2020-05-07,7.3,57,0.0
2020-05-08,9.6,57,0.0
2020-05-09,8.3,56,0.0
2020-05-10,8.4,83,7.4
2020-05-11,4.8,57,0.5
2020-05-12,4.3,73,5.3
2020-05-13,3.2,82,4.1
2020-05-14,4.4,68,0.7
2020-05-15,6.6,64,0.5
2020-05-16,6.5,66,2.6
2020-05-17,6.6,70,3.5
2020-05-18,6.3,80,0.9
2020-05-19,6.9,74,1.3
2020-05-20,7.1,63,1.1
2020-05-21,8.9,57,0.0
2020-05-22,9.9,54,0.0
2020-05-23,8.7,73,4.8
2020-05-24,11.3,74,0.6
2020-05-25,11.9,70,0.0
2020-05-26,13.7,63,0.0
2020-05-27,12.6,78,5.7
2020-05-28,11.0,63,0.0
2020-05-29,11.5,61,0.0
2020-05-30,12.6,60,0.0
2020-05-31,14.4,53,0.0
2020-06-01,18.1,52,0.0
2020-06-02,14.4,57,0.0
2020-06-03,12.9,61,0.0
2020-06-04,13.5,69,0.2
2020-06-05,14.0,76,6.2
2020-06-06,11.9,88,11.7
2020-06-07,13.8,61,0.0
2020-06-08,14.8,66,0.0
2020-06-09,15.3,67,0.2
2020-06-10,15.3,56,0.0
2020-06-11,16.4,47,0.0
2020-06-12,17.8,57,0.0
2020-06-13,17.5,49,0.0
2020-06-14,17.6,48,0.0
2020-06-15,18.3,51,0.1
2020-06-16,15.4,85,21.5
2020-06-17,14.6,91,6.1
2020-06-18,17.6,76,0.0
2020-06-19,19.5,70,0.0
2020-06-20,19.7,70,0.0
2020-06-21,18.3,58,0.0
2020-06-22,17.5,64,0.0
2020-06-23,19.4,64,0.0
2020-06-24,22.9,57,0.0
2020-06-25,23.5,53,0.0
2020-06-26,22.8,53,0.0
2020-06-27,22.9,57,0.0
2020-06-28,22.4,65,0.1
2020-06-29,19.3,70,5.3
2020-06-30,16.5,71,0.8
2020-07-01,16.1,67,0.5
2020-07-02,15.8,71,2.1
2020-07-03,15.7,57,0.0
2020-07-04,14.0,81,5.9
2020-07-05,15.1,87,12.4
2020-07-06,15.4,59,1.0
2020-07-07,14.6,63,0.1
2020-07-08,11.7,72,1.7
2020-07-09,14.1,65,0.1
2020-07-10,13.9,76,2.4
2020-07-11,13.9,82,3.7
2020-07-12,14.0,83,4.6
2020-07-13,13.7,76,1.4
2020-07-14,15.0,78,0.9
2020-07-15,15.8,78,0.7
2020-07-16,18.4,70,0.1
2020-07-17,19.9,63,0.0
2020-07-18,19.6,65,0.0
2020-07-19,20.5,63,0.0
2020-07-20,19.0,76,3.1
2020-07-21,15.5,73,0.6
2020-07-22,14.9,54,0.0
2020-07-23,14.2,52,0.0
2020-07-24,14.8,54,0.0
2020-07-25,15.8,60,0.0
2020-07-26,17.3,66,0.0
2020-07-27,18.3,73,7.3
2020-07-28,16.5,84,5.6
2020-07-29,15.3,76,1.5
2020-07-30,15.5,83,13.3
2020-07-31,17.2,78,0.1
2020-08-01,19.0,65,0.0
2020-08-02,19.3,68,0.1
2020-08-03,17.4,66,0.0
2020-08-04,16.4,67,0.0
2020-08-05,15.8,64,0.0
2020-08-06,19.0,76,0.8
2020-08-07,21.8,62,0.2
2020-08-08,22.5,55,0.0
2020-08-09,19.8,67,0.0
2020-08-10,17.7,62,0.0
2020-08-11,16.4,67,0.0
2020-08-12,18.6,63,0.0
2020-08-13,19.3,71,0.2
2020-08-14,20.7,70,0.8
2020-08-15,22.4,60,0.0
2020-08-16,21.0,67,0.0
2020-08-17,20.0,77,0.5
2020-08-18,21.1,67,0.0
2020-08-19,21.0,71,0.0
2020-08-20,19.9,66,0.0
2020-08-21,20.5,71,0.2
2020-08-22,21.1,72,0.4
2020-08-23,18.2,64,0.3
2020-08-24,15.8,74,2.5
2020-08-25,14.6,58,0.0
2020-08-26,14.3,60,0.0
2020-08-27,13.8,68,0.0
2020-08-28,13.4,71,0.1
2020-08-29,12.8,93,8.2
2020-08-30,13.7,87,2.2
2020-08-31,11.6,83,3.2
2020-09-01,14.2,77,0.2
2020-09-02,13.9,80,1.6
2020-09-03,16.0,94,9.2
2020-09-04,15.5,80,0.4
2020-09-05,14.3,68,0.1
2020-09-06,12.5,78,1.2
2020-09-07,12.6,75,0.0
2020-09-08,14.1,76,4.2
2020-09-09,12.6,91,5.5
2020-09-10,11.2,62,0.0
2020-09-11,12.0,67,0.0
2020-09-12,12.7,85,4.0
2020-09-13,12.8,70,0.0
2020-09-14,14.9,88,0.7
2020-09-15,14.6,92,0.7
2020-09-16,13.1,77,0.5
2020-09-17,10.2,55,0.0
2020-09-18,11.9,73,0.0
2020-09-19,10.4,69,0.0
2020-09-20,10.3,85,0.1
2020-09-21,13.7,82,0.0
2020-09-22,13.0,78,0.0
2020-09-23,13.6,83,0.0
2020-09-24,15.1,82,0.6
2020-09-25,13.1,77,0.4
2020-09-26,14.7,93,6.6
2020-09-27,15.2,87,0.0
2020-09-28,14.0,88,0.0
2020-09-29,13.2,96,1.3
2020-09-30,12.8,91,0.1
2020-10-01,12.5,89,0.0
2020-10-02,13.2,86,0.0
2020-10-03,13.2,83,0.1
2020-10-04,13.8,94,5.1
2020-10-05,13.9,88,2.6
2020-10-06,12.6,99,12.3
2020-10-07,12.0,92,3.4
2020-10-08,11.3,90,1.2
2020-10-09,10.5,80,4.6
2020-10-10,9.1,92,5.2
2020-10-11,7.6,87,0.0
2020-10-12,6.8,86,0.3
2020-10-13,5.7,86,0.0
2020-10-14,7.0,74,0.1
2020-10-15,7.4,75,0.0
2020-10-16,6.4,88,1.3
2020-10-17,6.2,88,0.4
2020-10-18,3.9,59,0.1
2020-10-19,2.6,61,0.0
2020-10-20,2.5,90,4.9
2020-10-21,8.0,97,0.7
2020-10-22,10.0,99,13.8
2020-10-23,4.9,86,4.2
2020-10-24,3.2,96,5.6
2020-10-25,8.1,97,1.8
2020-10-26,10.2,98,11.8
2020-10-27,9.1,93,10.4
2020-10-28,7.8,92,1.2
2020-10-29,6.7,92,0.0
2020-10-30,4.7,97,0.0
2020-10-31,6.9,97,1.8
2020-11-01,9.2,92,1.6
2020-11-02,12.6,93,3.8
2020-11-03,9.3,80,0.4
2020-11-04,5.8,92,0.0
2020-11-05,7.0,83,0.0
2020-11-06,8.5,85,0.0
2020-11-07,8.0,92,0.2
2020-11-08,6.1,90,1.0
2020-11-09,5.8,93,0.0
2020-11-10,4.1,94,0.7
2020-11-11,5.6,91,1.1
2020-11-12,5.6,90,0.0
2020-11-13,6.6,93,0.1
2020-11-14,6.7,96,0.4
2020-11-15,7.0,97,0.2
2020-11-16,9.4,93,1.6
2020-11-17,8.0,94,5.9
2020-11-18,11.3,89,0.8
2020-11-19,5.7,77,3.8
2020-11-20,1.2,62,0.2
2020-11-21,2.5,93,7.6
2020-11-22,5.5,76,0.0
2020-11-23,3.3,62,0.0
2020-11-24,3.4,92,2.2
2020-11-25,7.2,92,1.6
2020-11-26,5.2,96,3.3
2020-11-27,0.9,96,0.0
2020-11-28,0.6,94,0.0
2020-11-29,-0.3,94,0.3
2020-11-30,-0.9,94,1.8
2020-12-01,1.0,99,1.6
2020-12-02,1.2,99,0.5
2020-12-03,2.4,84,0.5
2020-12-04,3.0,98,11.2
2020-12-05,5.7,98,0.4
2020-12-06,6.7,93,0.0
2020-12-07,4.8,82,0.0
2020-12-08,2.7,79,0.0
2020-12-09,2.4,88,0.6
2020-12-10,2.5,86,0.0
2020-12-11,2.1,91,1.6
2020-12-12,4.0,99,1.6
2020-12-13,2.8,95,1.0
2020-12-14,0.9,90,0.0
2020-12-15,4.8,97,2.8
2020-12-16,4.2,98,3.0
2020-12-17,4.0,98,5.9
2020-12-18,4.9,98,2.8
2020-12-19,5.3,98,1.0
2020-12-20,5.3,95,0.2
2020-12-21,5.5,97,1.3
2020-12-22,4.2,94,5.2
2020-12-23,2.8,96,0.0
2020-12-24,-0.9,92,0.0
2020-12-25,0.0,86,5.9
2020-12-26,-2.2,92,0.1
2020-12-27,3.2,91,3.0
2020-12-28,3.1,86,6.9
2020-12-29,3.6,99,6.9
2020-12-30,1.8,99,3.9
2020-12-31,0.9,99,0.0
2021-01-01,0.1,99,1.9
2021-01-02,0.8,99,1.8
2021-01-03,-0.9,91,0.0
2021-01-04,0.2,87,1.0
2021-01-05,-0.5,87,0.0
2021-01-06,-1.7,81,0.0
2021-01-07,-0.5,87,2.0
2021-01-08,-0.0,92,0.6
2021-01-09,-1.6,93,0.1
2021-01-10,-2.2,92,2.4
2021-01-11,-1.9,95,14.1
2021-01-12,-3.0,91,8.5
2021-01-13,-2.7,92,2.5
2021-01-14,-4.5,86,1.6
2021-01-15,-8.4,86,0.2
2021-01-16,-4.0,92,0.3
2021-01-17,-4.3,94,0.0
2021-01-18,-2.1,91,0.0
2021-01-19,-2.3,93,0.1
2021-01-20,0.6,92,3.9
2021-01-21,2.7,94,3.6
2021-01-22,2.3,93,6.3
2021-01-23,2.4,81,0.1
2021-01-24,-0.6,95,0.1
2021-01-25,-0.6,89,6.6
2021-01-26,-3.1,88,0.2
2021-01-27,-5.2,87,0.0
2021-01-28,-4.1,90,6.0
2021-01-29,-3.8,90,0.4
2021-01-30,-10.0,87,0.0
2021-01-31,-12.0,85,0.0
2021-02-01,-11.3,86,0.0
2021-02-02,-3.9,87,4.5
2021-02-03,-5.6,84,0.6
2021-02-04,-8.2,86,0.3
2021-02-05,-7.7,84,0.8
2021-02-06,-7.9,84,0.3
2021-02-07,-8.1,88,0.0
2021-02-08,-8.6,82,0.3
2021-02-09,-8.4,77,0.0
2021-02-10,-10.3,84,1.5
2021-02-11,-10.0,85,0.6
2021-02-12,-7.7,78,0.0
2021-02-13,-6.3,72,0.0
2021-02-14,-3.7,80,0.0
2021-02-15,-8.2,84,0.0
2021-02-16,-5.9,86,0.0
2021-02-17,-4.5,80,0.0
2021-02-18,-4.8,82,0.0
2021-02-19,0.4,92,1.5
2021-02-20,2.5,91,3.2
2021-02-21,3.3,96,0.8
2021-02-22,2.0,97,0.0
2021-02-23,2.5,98,0.8
2021-02-24,5.4,93,0.0
2021-02-25,8.0,86,0.1
2021-02-26,5.1,73,0.1
2021-02-27,3.1,76,0.0
2021-02-28,5.2,73,0.0
2021-03-01,3.2,77,0.0
2021-03-02,4.5,68,0.0
2021-03-03,3.2,80,0.0
2021-03-04,-0.9,66,0.4
2021-03-05,-2.4,60,0.1
2021-03-06,1.9,60,0.6
2021-03-07,-0.6,46,0.0
2021-03-08,-1.3,57,0.3
2021-03-09,-1.4,69,1.0
2021-03-10,-4.3,65,0.1
2021-03-11,-0.6,75,7.0
2021-03-12,1.8,95,2.1
2021-03-13,2.2,85,0.1
2021-03-14,1.3,84,0.3
2021-03-15,1.0,87,3.4
2021-03-16,0.7,85,0.0
2021-03-17,-0.5,77,0.1
2021-03-18,-1.0,70,0.4
2021-03-19,-2.2,52,0.0
2021-03-20,2.5,69,0.1
2021-03-21,3.1,51,0.9
2021-03-22,4.2,63,0.0
2021-03-23,6.6,68,0.0
2021-03-24,6.4,77,0.0
2021-03-25,6.1,73,0.0
2021-03-26,5.6,82,0.0
2021-03-27,6.7,80,0.2
2021-03-28,4.4,85,1.2
2021-03-29,8.0,86,0.6
2021-03-30,9.9,84,0.1
2021-03-31,6.2,86,1.7
2021-04-01,4.3,66,0.0
2021-04-02,3.7,62,0.2
2021-04-03,3.7,57,0.0
2021-04-04,6.5,63,0.0
2021-04-05,2.1,68,2.7
2021-04-06,2.9,49,0.3
2021-04-07,3.1,63,2.4
2021-04-08,2.5,53,0.2
2021-04-09,4.3,78,5.5
2021-04-10,4.1,62,1.3
2021-04-11,3.4,71,5.5
2021-04-12,4.7,84,1.6
2021-04-13,3.1,74,0.9
2021-04-14,2.6,68,0.0
2021-04-15,3.4,62,0.0
2021-04-16,4.9,61,0.0
2021-04-17,6.9,58,0.0
2021-04-18,7.6,58,0.0
2021-04-19,7.8,57,0.0
2021-04-20,8.0,55,0.0
2021-04-21,7.9,52,0.5
2021-04-22,2.1,90,14.7
2021-04-23,3.5,53,0.7
2021-04-24,2.3,58,0.4
2021-04-25,1.3,68,0.7
2021-04-26,1.9,65,0.0
2021-04-27,3.3,61,0.0
2021-04-28,3.4,62,0.2
2021-04-29,3.6,66,0.0
2021-04-30,4.3,56,0.0
2021-05-01,4.6,58,0.0
2021-05-02,5.3,61,0.2
2021-05-03,5.5,62,0.2
2021-05-04,5.7,69,0.1
2021-05-05,2.7,96,22.0
2021-05-06,2.9,93,1.5
2021-05-07,2.9,74,1.2
2021-05-08,5.9,67,0.4
2021-05-09,6.2,81,4.7
2021-05-10,12.3,79,3.6
2021-05-11,14.6,70,0.0
2021-05-12,14.6,60,0.0
2021-05-13,16.4,59,0.0
2021-05-14,12.8,74,2.5
2021-05-15,11.0,84,1.3
2021-05-16,11.3,75,0.6
2021-05-17,10.8,85,10.9
2021-05-18,12.4,73,0.0
2021-05-19,13.0,76,1.3
2021-05-20,12.1,71,0.1
2021-05-21,10.5,84,5.2
2021-05-22,10.8,74,0.3
2021-05-23,9.1,91,9.1
2021-05-24,9.1,81,0.6
2021-05-25,10.9,77,1.5
2021-05-26,8.6,99,35.8
2021-05-27,6.5,95,6.7
2021-05-28,10.8,74,0.0
2021-05-29,11.4,63,0.0
2021-05-30,13.1,60,0.0
2021-05-31,13.3,59,0.0
2021-06-01,12.3,65,0.0
2021-06-02,14.3,65,0.0
2021-06-03,14.9,63,0.0
2021-06-04,15.2,62,0.0
2021-06-05,17.7,61,0.0
2021-06-06,18.8,60,0.0
2021-06-07,19.6,65,3.3
2021-06-08,16.8,89,7.0
2021-06-09,16.9,89,8.6
2021-06-10,18.7,71,0.0
2021-06-11,19.0,71,0.5
2021-06-12,15.7,87,16.4
2021-06-13,14.8,62,0.0
2021-06-14,16.8,69,1.3
2021-06-15,15.9,58,0.0
2021-06-16,16.1,62,0.0
2021-06-17,18.7,61,0.0
2021-06-18,22.3,62,0.1
2021-06-19,20.8,65,0.2
2021-06-20,23.4,67,0.2
2021-06-21,22.4,73,3.2
2021-06-22,20.4,77,1.7
2021-06-23,17.6,82,1.0
2021-06-24,18.3,79,1.1
2021-06-25,17.6,87,1.5
2021-06-26,18.0,78,0.9
2021-06-27,18.4,90,10.0
2021-06-28,19.8,78,0.2
2021-06-29,20.5,69,0.1
2021-06-30,16.1,80,1.7
2021-07-01,17.6,69,1.4
2021-07-02,19.4,63,0.0
2021-07-03,19.7,64,0.0
2021-07-04,20.3,68,0.0
2021-07-05,20.9,73,1.5
2021-07-06,20.9,82,5.5
2021-07-07,18.7,95,11.2
2021-07-08,19.8,71,0.0
2021-07-09,20.3,71,1.7
2021-07-10,20.7,86,8.0
2021-07-11,20.3,71,0.0
2021-07-12,19.8,72,0.0
2021-07-13,21.1,76,0.7
2021-07-14,23.4,68,0.0
2021-07-15,24.6,73,0.0
2021-07-16,20.7,61,0.0
2021-07-17,21.9,63,0.3
2021-07-18,20.0,60,0.0
2021-07-19,16.6,57,0.0
2021-07-20,17.7,63,0.1
2021-07-21,16.4,57,0.0
2021-07-22,19.9,59,0.0
2021-07-23,17.3,60,0.0
2021-07-24,19.1,66,0.0
2021-07-25,21.2,58,0.0
2021-07-26,20.6,69,0.0
2021-07-27,22.6,69,0.1
2021-07-28,18.9,96,11.9
2021-07-29,18.7,79,1.8
2021-07-30,15.7,77,1.8
2021-07-31,17.0,84,6.0
2021-08-01,16.9,79,3.7
2021-08-02,14.3,84,8.3
2021-08-03,14.4,66,0.0
2021-08-04,15.7,64,0.0
2021-08-05,16.1,72,0.4
2021-08-06,16.3,70,0.1
2021-08-07,14.8,93,30.1
2021-08-08,16.4,91,5.9
2021-08-09,16.6,85,5.6
2021-08-10,15.8,90,4.7
2021-08-11,16.5,85,4.4
2021-08-12,17.7,80,0.6
2021-08-13,18.1,80,0.5
2021-08-14,16.4,75,1.0
2021-08-15,15.0,73,1.0
2021-08-16,14.5,86,6.0
2021-08-17,13.4,99,10.3
2021-08-18,12.7,94,13.1
2021-08-19,13.9,70,0.2
2021-08-20,14.6,69,0.1
2021-08-21,13.5,70,0.0
2021-08-22,13.1,71,0.0
2021-08-23,12.3,74,0.0
2021-08-24,13.1,73,1.8
2021-08-25,13.0,90,11.9
2021-08-26,12.9,96,14.8
2021-08-27,13.6,93,4.9
2021-08-28,14.9,88,1.2
2021-08-29,15.2,86,0.5
2021-08-30,14.6,81,0.0
2021-08-31,13.5,77,0.0
2021-09-01,13.4,65,0.0
2021-09-02,13.2,65,0.1
2021-09-03,11.6,60,0.0
2021-09-04,9.0,69,0.0
2021-09-05,10.0,73,0.0
2021-09-06,13.3,82,0.2
2021-09-07,14.5,82,0.0
2021-09-08,16.8,83,0.0
2021-09-09,16.5,86,0.0
2021-09-10,14.4,91,0.0
2021-09-11,15.4,93,3.5
2021-09-12,15.0,96,5.1
2021-09-13,11.7,72,0.4
2021-09-14,10.2,71,0.1
2021-09-15,10.8,75,0.2
2021-09-16,9.1,78,0.0
2021-09-17,9.7,77,0.7
2021-09-18,9.3,74,0.2
2021-09-19,8.9,73,0.0
2021-09-20,8.4,73,0.0
2021-09-21,8.1,80,0.1
2021-09-22,10.6,82,0.1
2021-09-23,10.7,95,11.4
2021-09-24,9.3,88,2.7
2021-09-25,11.7,77,0.1
2021-09-26,10.3,76,0.0
2021-09-27,11.4,83,0.0
2021-09-28,11.8,79,0.0
2021-09-29,11.9,77,0.1
2021-09-30,10.9,87,1.0
2021-10-01,12.2,78,1.3
2021-10-02,12.4,77,0.2
2021-10-03,13.2,83,0.9
2021-10-04,13.4,94,6.4
2021-10-05,11.2,94,6.0
2021-10-06,12.5,94,6.7
2021-10-07,11.9,88,0.0
2021-10-08,11.9,83,0.0
2021-10-09,12.5,88,0.9
2021-10-10,11.0,78,0.0
2021-10-11,8.0,92,4.6
2021-10-12,6.1,88,0.0
2021-10-13,4.3,80,0.0
2021-10-14,6.8,86,0.0
2021-10-15,8.2,74,1.0
2021-10-16,5.8,66,0.0
2021-10-17,3.8,63,0.0
2021-10-18,2.7,75,0.0
2021-10-19,2.9,91,1.7
2021-10-20,11.4,97,3.4
2021-10-21,8.7,87,7.6
2021-10-22,4.5,60,0.0
2021-10-23,1.7,76,0.0
2021-10-24,5.2,86,0.4
2021-10-25,7.1,81,0.0
2021-10-26,7.4,90,0.0
2021-10-27,7.8,98,6.1
2021-10-28,11.3,93,2.9
2021-10-29,8.7,90,0.0
2021-10-30,7.5,94,0.0
2021-10-31,7.6,95,0.0
2021-11-01,8.8,92,0.0
2021-11-02,7.9,94,0.5
2021-11-03,7.5,97,7.1
2021-11-04,6.3,93,0.1
2021-11-05,4.6,92,0.9
2021-11-06,2.7,87,0.3
2021-11-07,3.2,93,4.2
2021-11-08,0.5,91,0.0
2021-11-09,1.0,97,5.6
2021-11-10,8.5,94,0.7
2021-11-11,4.8,87,0.1
2021-11-12,2.7,78,0.0
2021-11-13,1.5,95,0.0
2021-11-14,3.0,97,0.0
2021-11-15,3.6,89,0.0
2021-11-16,5.1,86,0.0
2021-11-17,4.3,86,1.9
2021-11-18,2.0,97,0.2
2021-11-19,6.2,83,0.0
2021-11-20,4.2,69,0.1
2021-11-21,-0.8,89,0.1
2021-11-22,-2.3,84,0.3
2021-11-23,-0.1,84,0.0
2021-11-24,2.1,92,0.0
2021-11-25,3.0,90,0.0
2021-11-26,-4.0,89,0.0
2021-11-27,-3.0,89,0.0
2021-11-28,-3.9,91,0.0
2021-11-29,-4.2,85,0.0
2021-11-30,-5.5,82,0.0
2021-12-01,-8.2,77,0.0
2021-12-02,-3.6,84,0.4
2021-12-03,-5.1,87,0.9
2021-12-04,-5.3,88,0.0
2021-12-05,-7.2,83,0.0
2021-12-06,-10.6,79,0.0
2021-12-07,-11.0,85,0.0
2021-12-08,-4.9,84,0.2
2021-12-09,-0.7,83,2.0
2021-12-10,1.0,97,4.2
2021-12-11,0.4,99,3.6
2021-12-12,-0.8,99,0.0
2021-12-13,-0.0,98,0.0
2021-12-14,1.4,99,1.0
2021-12-15,4.3,99,0.0
2021-12-16,2.5,78,0.0
2021-12-17,1.9,80,0.1
2021-12-18,5.0,82,1.0
2021-12-19,2.2,70,0.3
2021-12-20,-2.5,69,0.5
2021-12-21,-6.7,83,0.0
2021-12-22,-7.5,86,0.0
2021-12-23,-3.6,89,0.1
2021-12-24,-8.1,65,1.0
2021-12-25,-7.4,78,0.0
2021-12-26,-7.7,88,0.1
2021-12-27,-7.3,90,0.0
2021-12-28,-1.6,88,2.4
2021-12-29,-0.7,98,7.0
2021-12-30,1.2,96,2.0
2021-12-31,0.3,99,0.0
2022-01-01,-2.3,92,0.5
2022-01-02,1.5,96,8.6
2022-01-03,2.6,100,2.0
2022-01-04,0.3,94,2.2
2022-01-05,-2.2,89,0.7
2022-01-06,-6.6,74,0.0
2022-01-07,-8.0,80,1.2
2022-01-08,-0.6,94,5.2
2022-01-09,-1.1,95,0.0
2022-01-10,-3.2,91,0.0
2022-01-11,-2.5,89,1.1
2022-01-12,1.4,93,0.3
2022-01-13,6.0,76,0.0
2022-01-14,3.1,54,0.3
2022-01-15,-0.7,69,0.0
2022-01-16,1.6,90,0.4
2022-01-17,-0.1,55,0.1
2022-01-18,-0.1,73,0.0
2022-01-19,3.6,87,4.1
2022-01-20,-2.0,65,6.8
2022-01-21,-3.1,65,0.0
2022-01-22,-4.2,76,0.7
2022-01-23,-1.4,94,0.0
2022-01-24,1.7,96,0.0
2022-01-25,-1.5,87,0.0
2022-01-26,-0.2,90,0.1
2022-01-27,0.8,98,2.7
2022-01-28,-0.4,74,0.2
2022-01-29,1.8,91,15.6
2022-01-30,-0.7,81,7.1
2022-01-31,-3.1,73,0.0
2022-02-01,-5.1,73,0.0
2022-02-02,-5.7,80,0.0
2022-02-03,-4.0,83,0.3
2022-02-04,1.7,97,7.3
2022-02-05,0.1,92,0.1
2022-02-06,1.1,84,1.5
2022-02-07,-1.7,83,0.0
2022-02-08,0.4,85,5.0
2022-02-09,2.1,79,0.0
2022-02-10,1.4,73,0.0
2022-02-11,-2.4,68,0.0
2022-02-12,1.1,74,0.3
2022-02-13,3.0,76,0.8
2022-02-14,2.1,97,8.2
2022-02-15,3.6,89,0.2
2022-02-16,1.7,93,4.0
2022-02-17,-0.1,87,0.8
2022-02-18,-1.0,81,0.0
2022-02-19,-0.6,85,4.6
2022-02-20,-2.4,84,0.0
2022-02-21,0.0,92,27.1
2022-02-22,-5.0,81,0.9
2022-02-23,-2.9,86,0.2
2022-02-24,3.3,87,1.7
2022-02-25,0.4,91,1.9
2022-02-26,-2.1,77,0.0
2022-02-27,1.5,74,0.0
2022-02-28,-0.1,80,0.0
2022-03-01,1.3,72,0.3
2022-03-02,1.4,85,0.0
2022-03-03,0.3,80,0.0
2022-03-04,-1.4,69,0.0
2022-03-05,-0.9,72,0.0
2022-03-06,0.9,69,0.0
2022-03-07,2.1,78,0.0
2022-03-08,1.5,81,0.0
2022-03-09,1.2,85,0.0
2022-03-10,1.3,85,0.0
2022-03-11,0.8,71,0.0
2022-03-12,1.1,62,0.0
2022-03-13,1.7,55,0.0
2022-03-14,2.3,62,0.0
2022-03-15,1.8,78,0.0
2022-03-16,1.7,82,0.0
2022-03-17,2.3,77,0.0
2022-03-18,4.1,81,0.3
2022-03-19,3.2,68,0.0
2022-03-20,4.6,70,0.0
2022-03-21,3.9,68,0.0
2022-03-22,3.8,63,0.0
2022-03-23,4.5,70,0.0
2022-03-24,6.0,72,0.0
2022-03-25,7.6,74,0.0
2022-03-26,3.8,48,0.0
2022-03-27,3.3,60,0.0
2022-03-28,6.4,54,0.2
2022-03-29,-2.4,62,0.3
2022-03-30,-2.7,47,0.2
2022-03-31,-1.9,59,1.1
2022-04-01,-2.1,69,0.0
2022-04-02,-0.9,53,0.0
2022-04-03,1.5,57,0.1
2022-04-04,0.9,88,11.0
2022-04-05,-1.3,58,1.2
2022-04-06,0.5,52,0.5
2022-04-07,0.7,90,13.0
2022-04-08,1.0,89,5.7
2022-04-09,-0.5,73,1.0
2022-04-10,3.2,71,0.0
2022-04-11,4.3,57,0.0
2022-04-12,4.1,68,0.1
2022-04-13,4.8,66,0.8
2022-04-14,4.3,84,1.9
2022-04-15,3.9,68,0.0
2022-04-16,5.3,63,0.0
2022-04-17,8.1,67,0.0
2022-04-18,9.1,65,0.0
2022-04-19,7.8,66,0.0
2022-04-20,8.2,68,0.0
2022-04-21,9.2,66,0.0
2022-04-22,7.9,68,0.0
2022-04-23,6.3,69,0.1
2022-04-24,5.3,62,0.0
2022-04-25,6.8,62,0.0
2022-04-26,5.7,54,0.0
2022-04-27,2.7,56,0.0
2022-04-28,5.1,63,0.5
2022-04-29,4.5,56,0.0
2022-04-30,6.7,59,0.0
2022-05-01,8.2,52,0.0
2022-05-02,10.1,47,0.0
2022-05-03,6.6,41,0.0
2022-05-04,6.6,52,0.0
2022-05-05,11.9,56,0.2
2022-05-06,12.7,61,0.0
2022-05-07,9.1,78,5.5
2022-05-08,7.2,49,0.1
2022-05-09,10.1,56,0.0
2022-05-10,11.5,66,4.1
2022-05-11,12.0,74,3.1
2022-05-12,11.8,66,0.6
2022-05-13,11.5,58,0.0
2022-05-14,10.8,76,3.7
2022-05-15,10.1,59,0.0
2022-05-16,8.5,51,0.0
2022-05-17,7.9,53,0.0
2022-05-18,13.0,50,0.0
2022-05-19,15.9,50,0.0
2022-05-20,10.2,81,7.2
2022-05-21,9.7,57,0.0
2022-05-22,10.0,58,0.0
2022-05-23,11.5,49,0.0
2022-05-24,12.5,56,0.0
2022-05-25,13.9,73,4.1
2022-05-26,11.4,79,2.7
2022-05-27,10.5,88,11.1
2022-05-28,9.1,96,7.6
2022-05-29,9.6,77,0.1
2022-05-30,10.2,77,0.3
2022-05-31,10.3,93,8.8
2022-06-01,12.6,80,1.9
2022-06-02,10.6,96,27.4
2022-06-03,13.3,79,1.5
2022-06-04,14.7,71,0.5
2022-06-05,14.7,68,0.0
2022-06-06,13.0,58,0.0
2022-06-07,14.7,71,0.3
2022-06-08,15.3,76,1.1
2022-06-09,16.3,69,0.3
2022-06-10,16.5,82,8.4
2022-06-11,16.4,69,0.6
2022-06-12,15.8,63,0.1
2022-06-13,15.3,66,0.1
2022-06-14,14.7,72,0.8
2022-06-15,15.7,73,1.7
2022-06-16,16.3,72,0.0
2022-06-17,17.2,72,0.4
2022-06-18,16.5,74,5.8
2022-06-19,15.2,58,0.0
2022-06-20,14.1,74,1.3
2022-06-21,16.4,63,0.0
2022-06-22,16.9,74,3.6
2022-06-23,19.3,65,0.0
2022-06-24,20.4,65,0.0
2022-06-25,21.4,63,0.0
2022-06-26,22.6,66,0.0
2022-06-27,23.6,64,0.0
2022-06-28,23.8,67,0.7
2022-06-29,19.3,90,22.1
2022-06-30,21.5,84,2.1
2022-07-01,20.7,90,7.1
2022-07-02,19.9,75,0.8
2022-07-03,18.8,62,0.0
2022-07-04,17.6,76,3.2
2022-07-05,16.1,68,1.8
2022-07-06,16.6,65,0.3
2022-07-07,14.1,83,2.5
2022-07-08,15.6,84,3.2
2022-07-09,16.5,67,0.7
2022-07-10,14.0,75,0.3
2022-07-11,15.7,78,2.8
2022-07-12,18.8,63,0.0
2022-07-13,19.3,64,0.0
2022-07-14,15.7,66,0.6
2022-07-15,13.0,65,0.5
2022-07-16,13.2,62,0.5
2022-07-17,15.7,54,0.0
2022-07-18,16.9,75,1.6
2022-07-19,17.5,72,0.0
2022-07-20,21.3,65,0.0
2022-07-21,24.9,59,0.0
2022-07-22,19.4,77,1.6
2022-07-23,16.2,76,0.9
2022-07-24,18.7,66,0.1
2022-07-25,18.9,76,0.7
2022-07-26,17.8,79,13.8
2022-07-27,16.0,68,0.0
2022-07-28,14.8,60,0.0
2022-07-29,15.5,66,0.0
2022-07-30,18.6,62,0.0
2022-07-31,18.8,57,0.0
2022-08-01,18.4,65,0.0
2022-08-02,17.4,68,0.1
2022-08-03,19.2,75,0.4
2022-08-04,21.8,67,0.1
2022-08-05,19.1,89,20.7
2022-08-06,15.2,74,0.9
2022-08-07,15.2,71,0.2
2022-08-08,16.4,70,0.0
2022-08-09,17.4,69,0.0
2022-08-10,19.1,70,0.0
2022-08-11,20.9,65,0.0
2022-08-12,19.8,71,0.0
2022-08-13,21.3,69,0.0
2022-08-14,21.0,63,0.0
2022-08-15,21.1,78,1.5
2022-08-16,23.3,75,1.1
2022-08-17,22.4,75,2.6
2022-08-18,20.7,79,2.0
2022-08-19,22.7,78,0.3
2022-08-20,20.2,92,11.0
2022-08-21,17.6,73,6.1
2022-08-22,17.2,69,0.0
2022-08-23,16.5,78,1.2
2022-08-24,16.0,77,0.0
2022-08-25,16.3,73,0.0
2022-08-26,16.8,80,0.0
2022-08-27,19.4,90,6.9
2022-08-28,14.0,99,25.4
2022-08-29,14.2,71,0.5
2022-08-30,13.4,75,0.4
2022-08-31,12.2,75,0.4
2022-09-01,10.9,78,0.2
2022-09-02,9.9,75,0.5
2022-09-03,9.5,82,0.5
2022-09-04,10.4,75,0.0
2022-09-05,10.4,75,0.0
2022-09-06,12.4,76,0.0
2022-09-07,10.9,77,0.0
2022-09-08,10.6,76,0.0
2022-09-09,11.8,69,0.0
2022-09-10,11.4,80,0.1
2022-09-11,12.5,79,0.0
2022-09-12,12.5,81,0.0
2022-09-13,12.5,95,12.1
2022-09-14,11.5,86,2.5
2022-09-15,10.4,84,0.6
2022-09-16,10.3,89,0.5
2022-09-17,10.4,90,6.2
2022-09-18,9.7,86,0.6
2022-09-19,9.9,91,3.4
2022-09-20,8.9,82,1.4
2022-09-21,8.3,81,0.0
2022-09-22,9.5,82,0.0
2022-09-23,11.6,83,0.0
2022-09-24,10.7,88,0.0
2022-09-25,10.5,85,0.1
2022-09-26,9.9,96,6.1
2022-09-27,11.4,91,3.5
2022-09-28,11.1,81,0.8
2022-09-29,8.4,84,0.2
2022-09-30,8.1,83,0.0
2022-10-01,10.1,86,1.4
2022-10-02,9.8,94,5.0
2022-10-03,8.6,94,0.5
2022-10-04,9.4,82,0.2
2022-10-05,12.8,94,2.3
2022-10-06,13.1,71,1.1
2022-10-07,12.8,75,0.0
2022-10-08,10.9,78,1.7
2022-10-09,7.7,77,0.0
2022-10-10,10.1,81,0.0
2022-10-11,8.7,80,1.5
2022-10-12,5.7,79,0.0
2022-10-13,8.9,88,0.0
2022-10-14,8.7,89,0.0
2022-10-15,10.7,94,1.0
2022-10-16,10.6,92,7.6
2022-10-17,9.4,79,5.9
2022-10-18,7.1,91,3.1
2022-10-19,4.9,75,0.0
2022-10-20,3.8,88,0.0
2022-10-21,5.5,92,0.0
2022-10-22,7.0,90,0.2
2022-10-23,4.6,88,0.0
2022-10-24,7.5,86,8.5
2022-10-25,10.4,99,5.0
2022-10-26,8.2,95,0.3
2022-10-27,10.0,93,2.6
2022-10-28,12.1,91,0.2
2022-10-29,11.6,80,0.6
2022-10-30,4.6,77,0.0
2022-10-31,7.7,97,0.1
2022-11-01,8.2,96,0.9
2022-11-02,9.3,98,2.4
2022-11-03,7.6,96,0.0
2022-11-04,7.6,91,0.0
2022-11-05,7.7,90,4.6
2022-11-06,7.5,96,0.7
2022-11-07,8.4,94,7.0
2022-11-08,7.6,98,3.7
2022-11-09,8.8,97,0.2
2022-11-10,8.7,91,0.1
2022-11-11,13.2,81,0.0
2022-11-12,11.8,79,0.0
2022-11-13,4.3,93,0.0
2022-11-14,5.6,98,0.0
2022-11-15,5.1,86,0.0
2022-11-16,3.0,82,0.0
2022-11-17,1.4,81,0.0
2022-11-18,1.4,77,0.3
2022-11-19,0.2,75,2.3
2022-11-20,0.2,81,4.6
2022-11-21,-0.9,85,6.0
2022-11-22,0.1,87,0.0
2022-11-23,1.0,88,0.0
2022-11-24,1.0,90,0.0
2022-11-25,0.2,94,0.1
2022-11-26,1.0,98,0.9
2022-11-27,0.9,98,0.2
2022-11-28,2.0,95,0.0
2022-11-29,2.1,94,1.7
2022-11-30,0.8,98,1.3
2022-12-01,0.9,100,2.4
2022-12-02,0.7,96,1.4
2022-12-03,-1.0,81,0.0
2022-12-04,-1.3,89,0.0
2022-12-05,-3.1,89,0.0
2022-12-06,-4.8,91,0.0
2022-12-07,-6.0,91,0.0
2022-12-08,-8.1,88,0.0
2022-12-09,-5.9,88,0.9
2022-12-10,-4.3,89,0.0
2022-12-11,-5.8,89,0.0
2022-12-12,-3.6,85,0.6
2022-12-13,-8.9,80,3.5
2022-12-14,-10.5,87,1.5
2022-12-15,-14.0,86,0.0
2022-12-16,-13.6,88,0.0
2022-12-17,-5.1,90,2.1
2022-12-18,0.3,89,0.0
2022-12-19,-1.0,94,1.1
2022-12-20,2.0,98,4.0
2022-12-21,3.5,98,0.2
2022-12-22,2.5,98,0.5
2022-12-23,-2.9,93,5.3
2022-12-24,-11.3,90,0.0
2022-12-25,-5.8,93,0.4
2022-12-26,1.4,98,4.7
2022-12-27,-0.4,93,2.6
2022-12-28,-3.3,84,0.0
2022-12-29,2.7,99,6.0
2022-12-30,3.8,93,0.0
2022-12-31,4.9,82,1.8
